DATE,INFY,WIPRO,HCLTECH,TECHM,LTIM,MPHASIS,PERSISTENT,COFORGE,LTTS,KPITTECH,OFSS
2022-04-06,1811.0,580.85,1173.3,1468.55,6206.25,3165.0,4705.9,4389.15,4977.75,601.6,3709.6
2022-04-07,1814.6,583.65,1165.35,1448.75,6153.2,3161.15,4710.9,4373.15,4993.0,615.3,3700.2
2022-04-10,1766.55,571.1,1133.5,1449.2,6059.75,3129.2,4515.4,4312.3,4798.85,598.85,3692.1
2022-04-11,1742.45,558.7,1131.15,1415.0,5910.55,3057.3,4382.75,4147.1,4592.6,569.9,3603.5
2022-04-12,1748.55,559.2,1125.1,1410.45,6038.8,3050.8,4329.95,4160.8,4507.4,572.05,3568.15
2022-04-17,1621.4,538.6,1101.75,1344.55,5873.65,2879.9,4215.35,4071.75,4305.15,547.35,3587.15
2022-04-18,1562.0,530.45,1070.25,1301.2,5472.35,2857.05,4174.05,4027.3,4209.7,546.1,3565.35
2022-04-19,1587.7,536.5,1089.4,1309.2,5170.3,2886.05,3985.75,3981.7,4180.8,544.65,3518.5
2022-04-20,1618.8,539.2,1099.2,1312.7,5076.95,2900.75,4011.85,4093.05,4244.3,545.2,3532.95
2022-04-21,1585.45,537.7,1102.05,1306.5,5093.85,2895.85,4027.4,4129.25,4101.4,542.4,3485.65
2022-04-24,1561.1,529.35,1089.85,1270.4,4856.05,2794.85,4007.35,4001.45,4010.6,524.35,3483.45
2022-04-25,1581.0,529.25,1094.3,1275.45,4817.1,2767.5,4056.9,4042.85,4040.15,521.4,3546.0
2022-04-26,1552.8,518.95,1095.6,1261.25,4816.95,2797.7,4076.95,4032.95,4024.9,586.55,3504.0
2022-04-27,1582.6,522.55,1092.5,1271.3,4886.05,2798.05,4308.65,4101.15,4068.8,573.75,3526.75
2022-04-28,1567.55,508.8,1079.25,1259.0,4839.05,2843.2,4320.65,4200.2,4091.65,553.85,3561.25
2022-05-01,1541.0,495.0,1066.9,1231.2,4716.65,2740.1,4147.3,4116.55,3943.8,537.45,3503.55
2022-05-03,1535.55,491.75,1044.95,1212.8,4738.15,2683.8,4112.1,4058.45,3936.15,530.2,3431.25
2022-05-04,1585.15,501.15,1072.05,1263.35,4765.2,2693.15,4154.0,4171.6,4024.05,548.4,3489.2
2022-05-05,1542.85,485.1,1050.2,1290.75,4593.0,2694.05,4061.0,3905.4,3866.9,542.65,3517.1
2022-05-08,1570.35,483.15,1076.1,1261.15,4448.9,2641.55,3992.15,3857.55,3895.75,523.2,3563.95
2022-05-09,1553.0,477.65,1072.55,1242.3,4332.15,2650.5,3951.2,3649.3,3888.8,509.45,3571.3
2022-05-10,1526.75,471.9,1060.9,1224.45,4250.75,2627.45,3837.1,3721.6,3722.0,483.95,3534.95
2022-05-11,1508.8,473.8,1059.4,1212.8,4160.95,2512.65,3701.0,3653.9,3588.1,480.05,3500.1
2022-05-12,1504.4,468.65,1052.15,1202.85,4110.7,2443.7,3594.25,3743.25,3502.7,496.65,3230.7
2022-05-15,1489.1,468.0,1044.55,1189.05,4094.8,2477.9,3602.7,3795.7,3404.85,509.4,3151.95
2022-05-16,1518.45,486.65,1082.9,1198.2,4281.85,2574.7,3725.95,3940.65,3679.0,504.3,3267.0
2022-05-17,1509.2,481.25,1073.7,1172.05,4214.0,2643.15,3857.65,3950.35,3775.25,516.15,3223.5
2022-05-18,1427.15,451.15,1009.4,1108.35,3991.85,2457.65,3616.35,3664.8,3504.0,502.1,3091.1
2022-05-19,1455.15,459.6,1028.85,1130.9,4043.5,2459.05,3698.85,3786.95,3532.6,507.65,3217.45
2022-05-22,1468.4,466.0,1018.3,1142.9,4147.15,2520.1,3785.25,3853.2,3555.55,498.45,3223.85
2022-05-23,1441.0,459.95,991.75,1098.35,4010.15,2488.65,3617.85,3714.05,3530.25,486.95,3175.35
2022-05-24,1410.45,444.85,974.45,1060.15,3823.7,2344.65,3413.15,3453.95,3356.55,456.5,3082.95
2022-05-25,1423.95,453.35,980.7,1078.6,3874.25,2399.05,3445.3,3477.85,3316.85,460.3,3096.65
2022-05-26,1461.35,466.95,1003.9,1123.25,3998.0,2484.15,3546.2,3671.45,3448.55,476.1,3171.35
2022-05-29,1526.8,476.25,1039.9,1164.0,4191.1,2586.7,3757.65,3898.3,3575.35,521.7,3286.05
2022-05-30,1503.6,478.05,1040.75,1180.25,4253.7,2593.55,3759.9,3911.5,3502.35,530.3,3293.85
2022-05-31,1478.55,470.75,1017.9,1146.6,4203.3,2529.45,3739.15,3793.45,3489.2,543.7,3284.35
2022-06-01,1508.0,474.15,1039.7,1146.0,4333.6,2584.5,3787.55,3840.15,3607.85,537.0,3318.0
2022-06-02,1521.7,475.5,1043.0,1147.9,4335.05,2568.05,3800.95,3760.1,3572.95,552.3,3283.7
2022-06-05,1530.05,473.2,1037.3,1144.2,4335.1,2538.1,3740.85,3606.85,3488.4,538.4,3288.25
2022-06-06,1506.7,467.65,1022.9,1130.3,4266.7,2506.5,3701.85,3550.35,3444.5,530.35,3280.1
2022-06-07,1500.0,470.4,1030.2,1124.2,4315.1,2522.4,3614.2,3498.5,3452.25,528.7,3240.85
2022-06-08,1515.0,475.05,1028.65,1138.6,4370.7,2592.85,3601.2,3550.2,3514.9,525.5,3208.45
2022-06-09,1476.8,460.95,1015.35,1109.85,4331.45,2507.85,3494.8,3483.2,3446.9,510.0,3176.55
2022-06-12,1424.5,446.1,991.8,1051.95,4086.9,2365.1,3324.9,3311.5,3248.55,487.2,3075.85
2022-06-13,1440.55,445.9,996.9,1030.15,4191.2,2306.35,3364.75,3233.8,3295.0,470.35,3060.15
2022-06-14,1422.2,440.1,989.9,1020.05,4201.85,2338.75,3402.95,3277.45,3290.85,481.25,3084.1
2022-06-15,1397.2,422.3,964.95,975.3,4061.3,2308.85,3248.95,3295.95,3152.35,469.75,3025.2
2022-06-16,1387.3,405.2,958.75,965.05,4003.3,2193.15,3187.3,3375.8,3104.15,468.5,2991.65
2022-06-19,1414.15,414.65,960.05,979.35,3956.85,2179.05,3144.85,3369.7,3041.6,454.45,2989.1
2022-06-20,1449.9,425.15,986.6,1000.1,4118.45,2285.15,3312.1,3594.25,3160.4,470.4,3102.1
2022-06-21,1437.25,411.25,961.3,980.0,4021.95,2287.05,3217.55,3503.05,3054.15,474.95,3035.6
2022-06-22,1452.45,419.05,971.25,991.1,4133.0,2310.9,3367.6,3678.85,3120.15,492.85,3098.55
2022-06-23,1441.1,418.75,966.7,981.2,4033.75,2260.65,3261.05,3647.35,3052.95,496.2,3121.35
2022-06-26,1474.6,424.9,992.35,1007.2,4163.3,2338.75,3457.05,3791.1,3130.55,504.4,3157.1
2022-06-27,1480.15,427.25,1001.95,1020.7,4222.6,2370.95,3523.3,3735.2,3158.05,516.3,3134.55
2022-06-28,1463.25,420.75,987.55,1021.1,4086.9,2314.65,3501.6,3662.25,3087.6,524.45,3135.85
2022-06-29,1461.9,416.05,973.25,1000.0,3975.45,2294.05,3401.8,3539.3,3030.8,517.65,3098.3
2022-06-30,1479.4,422.0,975.35,1010.7,4000.8,2241.15,3314.0,3488.05,2985.6,499.35,3059.15
2022-07-03,1488.0,420.3,984.6,999.95,3976.15,2228.75,3259.1,3505.85,2973.1,500.05,3046.9
2022-07-04,1475.95,413.6,982.15,1003.2,3959.1,2169.95,3253.95,3542.55,2955.25,502.55,3051.45
2022-07-05,1491.65,416.05,986.6,1009.9,4012.8,2204.3,3356.35,3608.2,3035.6,504.0,3095.0
2022-07-06,1498.7,420.8,989.85,1020.75,4045.25,2209.85,3381.95,3609.45,3058.7,507.3,3134.75
2022-07-07,1514.45,419.1,983.55,1026.5,4067.85,2232.8,3397.8,3606.65,3121.9,507.4,3204.05
2022-07-10,1473.15,411.2,943.55,1007.55,3955.5,2201.35,3284.15,3502.85,3116.6,498.2,3212.25
2022-07-11,1438.6,409.15,927.8,997.35,3985.05,2164.95,3330.25,3518.2,3085.9,491.65,3160.8
2022-07-12,1444.45,406.7,917.75,990.05,4015.45,2147.05,3318.6,3505.3,3102.45,494.65,3200.75
2022-07-13,1428.85,401.45,903.0,975.8,3873.6,2111.2,3172.2,3417.25,3050.55,483.3,3171.4
2022-07-14,1430.35,393.85,883.15,973.8,3974.55,2141.55,3141.85,3378.65,3092.75,490.7,3119.05
2022-07-17,1489.9,404.75,900.3,1008.0,4215.75,2159.0,3250.7,3441.65,3176.2,503.4,3206.25
2022-07-18,1484.15,405.65,889.7,1007.7,4310.95,2146.8,3328.05,3411.6,3189.05,505.9,3236.0
2022-07-19,1515.3,412.1,917.4,1045.5,4444.65,2256.35,3514.55,3535.9,3406.35,532.5,3258.8
2022-07-20,1532.9,414.0,924.45,1032.75,4529.95,2259.65,3563.0,3620.75,3416.55,534.4,3198.1
2022-07-21,1506.3,410.85,920.25,1028.7,4504.8,2276.45,3632.75,3726.45,3422.25,533.7,3233.4
2022-07-24,1503.6,414.8,930.65,1017.25,4500.8,2322.35,3606.55,3789.5,3440.35,530.55,3228.45
2022-07-25,1451.15,405.2,913.5,999.35,4313.9,2177.55,3333.95,3702.45,3253.55,520.4,3091.75
2022-07-26,1471.05,406.65,928.45,1007.65,4412.9,2217.95,3383.35,3787.45,3294.15,527.2,3050.45
2022-07-27,1517.4,416.0,946.1,1038.0,4649.1,2236.2,3520.3,3846.05,3399.5,536.0,3102.6
2022-07-28,1549.7,423.7,948.4,1048.65,4730.75,2299.8,3632.85,3954.3,3511.05,547.95,3144.05
2022-07-31,1551.05,429.0,952.15,1049.6,4769.05,2305.95,3655.2,3944.05,3524.15,546.7,3160.75
2022-08-01,1543.6,429.6,951.05,1032.6,4691.0,2282.8,3623.55,3819.95,3481.55,532.15,3296.4
2022-08-02,1566.1,432.35,957.2,1052.65,4785.95,2320.0,3721.85,3869.3,3474.7,537.6,3325.6
2022-08-03,1599.9,435.5,958.1,1056.05,4905.25,2371.45,3769.15,3901.1,3526.45,520.25,3319.75
2022-08-04,1616.65,440.0,957.75,1058.2,4925.35,2394.85,3792.45,3934.5,3563.05,535.9,3365.85
2022-08-07,1619.4,435.85,966.05,1056.6,4900.2,2391.15,3763.55,3886.0,3589.8,531.4,3372.45
2022-08-09,1602.45,430.15,952.05,1055.2,4856.6,2364.4,3643.4,3822.65,3586.25,523.8,3337.6
2022-08-10,1619.95,438.45,962.35,1077.25,5001.5,2424.75,3731.3,3857.1,3638.4,550.6,3408.3
2022-08-11,1594.1,436.1,956.4,1065.9,4911.4,2373.95,3723.4,3792.5,3659.5,569.85,3377.7
2022-08-15,1596.45,437.1,958.2,1077.7,4887.0,2353.75,3727.95,3826.6,3677.65,563.75,3341.85
2022-08-16,1606.25,443.05,980.6,1104.5,4961.05,2404.4,3796.85,3894.7,3840.2,565.05,3371.3
2022-08-17,1582.95,435.05,973.5,1105.15,4924.15,2411.2,3833.6,3900.6,3885.4,582.4,3347.7
2022-08-18,1597.1,432.45,970.05,1104.15,4892.7,2394.15,3763.7,3923.7,3793.25,570.9,3338.1
2022-08-21,1575.65,420.0,959.45,1078.7,4721.7,2346.3,3692.9,3762.9,3674.35,559.65,3288.3
2022-08-22,1542.4,416.65,946.9,1065.9,4664.8,2264.95,3623.85,3700.05,3651.0,555.65,3249.15
2022-08-23,1537.5,416.15,949.15,1070.95,4658.4,2220.4,3608.6,3698.05,3679.55,567.7,3242.7
2022-08-24,1518.15,415.2,943.8,1070.6,4631.7,2192.95,3542.2,3684.2,3642.0,566.1,3221.8
2022-08-25,1521.55,417.25,945.65,1085.55,4658.95,2166.05,3525.55,3661.85,3669.95,566.6,3229.25
2022-08-28,1461.75,404.35,917.5,1035.55,4471.85,2087.3,3426.85,3511.6,3578.3,550.35,3154.15
2022-08-29,1492.95,413.55,938.95,1076.1,4641.7,2130.95,3517.95,3560.35,3714.0,561.55,3169.85
2022-08-31,1464.2,410.45,926.05,1052.9,4533.85,2094.6,3399.95,3500.95,3625.05,570.25,3104.05
2022-09-01,1453.0,407.7,924.45,1056.4,4522.0,2072.85,3414.45,3467.6,3641.35,564.2,3147.7
2022-09-04,1461.3,405.5,936.0,1065.05,4496.5,2092.4,3402.3,3475.15,3644.55,556.8,3123.55
2022-09-05,1455.1,404.45,937.8,1063.7,4461.1,2061.05,3351.65,3466.55,3624.5,561.25,3091.8
2022-09-06,1457.65,407.45,931.7,1055.85,4510.25,2083.95,3301.25,3504.25,3595.55,548.8,3074.65
2022-09-07,1475.9,412.8,931.05,1089.6,4523.45,2096.6,3279.1,3503.9,3606.95,558.95,3140.0
2022-09-08,1511.65,417.15,948.5,1126.65,4673.6,2144.85,3393.25,3567.95,3753.05,572.95,3171.95
2022-09-11,1536.2,422.0,955.55,1150.1,4812.1,2160.6,3421.9,3617.95,3824.25,593.75,3208.5
2022-09-12,1544.95,422.65,955.4,1147.45,4777.9,2152.1,3399.15,3606.7,3840.6,605.7,3204.95
2022-09-13,1475.4,416.3,932.0,1114.7,4618.35,2089.65,3300.3,3471.0,3676.95,604.65,3140.2
2022-09-14,1432.8,415.05,919.9,1083.0,4596.45,2096.65,3246.75,3418.85,3631.4,594.0,3109.7
2022-09-15,1377.05,401.65,896.9,1033.2,4379.5,2016.35,3161.1,3281.3,3432.5,572.8,3036.5
2022-09-18,1390.3,401.95,897.8,1039.5,4354.2,2028.15,3163.0,3235.95,3343.3,571.25,2999.35
2022-09-19,1388.55,404.9,914.0,1056.15,4405.75,2072.85,3180.2,3338.35,3408.05,574.4,3018.7
2022-09-20,1377.25,400.75,900.95,1060.15,4410.9,2075.1,3179.0,3324.9,3456.1,599.5,3013.0
2022-09-21,1367.95,397.95,897.65,1048.4,4431.8,2058.7,3200.55,3397.5,3487.15,664.95,3010.1
2022-09-22,1365.45,394.35,895.85,1035.1,4417.9,2019.45,3148.0,3336.55,3446.95,660.95,2993.7
2022-09-25,1380.25,394.8,906.7,1032.9,4410.9,2042.8,3176.75,3384.25,3472.25,645.4,2955.45
2022-09-26,1393.55,398.4,918.75,1022.5,4513.05,2052.75,3175.7,3462.25,3502.55,652.1,2997.1
2022-09-27,1394.7,398.05,920.8,1029.7,4526.15,2082.5,3202.1,3450.4,3511.9,645.4,2949.9
2022-09-28,1398.65,392.8,923.05,1007.1,4440.25,2075.95,3223.6,3363.85,3520.25,649.1,2949.9
2022-09-29,1413.45,394.25,932.35,1008.6,4457.85,2087.65,3241.2,3361.95,3591.6,659.9,2982.5
2022-10-02,1393.75,394.5,930.25,1005.5,4450.7,2006.3,3199.35,3328.85,3492.2,658.25,2921.75
2022-10-03,1429.4,405.5,946.0,1028.3,4588.1,2068.0,3298.9,3479.5,3575.3,654.95,2995.2
2022-10-05,1455.15,410.15,964.55,1031.3,4666.3,2122.05,3552.75,3622.15,3599.4,664.1,3038.55
2022-10-06,1451.2,408.1,957.7,1023.85,4645.25,2118.45,3489.25,3602.5,3587.05,681.45,2968.0
2022-10-09,1462.65,411.3,963.25,1029.35,4697.5,2126.5,3563.2,3638.05,3607.35,657.65,2965.1
2022-10-10,1423.8,404.4,938.6,1004.85,4604.7,2093.8,3541.9,3592.8,3555.65,645.55,2909.15
2022-10-11,1428.7,407.95,952.0,1015.9,4642.3,2087.6,3597.35,3619.7,3596.8,672.65,2917.45
2022-10-12,1419.9,379.1,982.1,1012.95,4596.8,2086.6,3516.65,3633.9,3565.0,666.4,2929.95
2022-10-13,1474.25,377.3,1002.55,1019.85,4668.55,2105.7,3647.4,3742.0,3618.4,669.75,2947.3
2022-10-16,1489.95,375.1,1002.55,1023.25,4641.85,2100.95,3628.65,3763.1,3586.35,674.5,2940.25
2022-10-17,1503.7,379.3,1009.2,1019.4,4722.4,2115.0,3689.9,3836.75,3675.1,660.25,2949.2
2022-10-18,1485.45,378.05,995.65,1019.2,4694.6,2109.45,3662.55,3812.35,3495.05,649.55,2955.5
2022-10-19,1500.9,381.5,1017.4,1041.65,4758.6,2147.4,3706.6,3858.3,3530.9,652.9,2920.05
2022-10-20,1500.5,382.55,1027.2,1041.15,4765.25,2042.95,3665.7,3862.1,3511.35,711.95,2916.8
2022-10-23,1517.85,384.7,1031.6,1048.15,4738.3,2038.0,3708.0,3877.3,3524.05,712.85,2935.6
2022-10-24,1526.3,384.65,1026.5,1082.5,4809.7,2034.4,3829.3,3895.3,3563.1,732.8,2915.0
2022-10-26,1523.95,382.65,1032.05,1075.85,4676.25,1969.95,3768.95,3888.2,3515.55,733.75,2904.85
2022-10-27,1513.25,383.25,1030.0,1048.95,4584.15,1947.85,3621.5,3736.5,3453.25,721.7,2892.9
2022-10-30,1537.65,386.55,1041.15,1063.4,4739.85,1978.5,3693.05,3809.6,3538.9,709.25,2912.85
2022-10-31,1573.0,392.4,1060.05,1070.9,4845.65,2011.3,3764.55,3844.75,3606.85,717.35,2921.35
2022-11-01,1553.3,393.95,1045.2,1082.0,4859.85,2036.15,3751.75,3837.7,3617.3,708.65,2980.2
2022-11-02,1530.75,393.95,1045.15,1052.85,4839.0,1989.7,3751.75,3794.4,3624.0,699.2,2975.35
2022-11-03,1514.0,390.55,1045.35,1053.65,4806.9,1969.8,3697.95,3738.1,3626.95,694.95,3007.1
2022-11-06,1507.45,391.5,1047.15,1053.5,4860.45,1981.05,3732.95,3713.65,3641.6,690.05,3022.55
2022-11-08,1511.2,390.95,1053.45,1028.7,4837.05,1949.65,3711.0,3680.8,3620.65,675.3,3027.65
2022-11-09,1501.95,388.9,1052.45,1021.1,4862.5,1928.15,3664.55,3676.1,3652.35,663.9,3036.5
2022-11-10,1570.1,399.7,1090.65,1058.7,5058.0,2026.65,3747.9,3897.65,3717.0,689.35,3079.65
2022-11-13,1585.3,399.7,1090.65,1058.7,5058.0,2026.65,3747.9,4018.35,3794.0,682.75,3102.0
2022-11-14,1594.0,397.15,1103.9,1066.95,5135.45,2013.65,3818.85,3972.3,3769.35,690.8,3100.6
2022-11-15,1602.8,398.25,1105.2,1066.85,5048.05,2036.45,3812.45,3944.45,3779.55,676.85,3081.9
2022-11-16,1587.4,396.75,1092.55,1058.55,4930.0,1972.55,3776.1,3865.8,3755.5,695.8,3086.85
2022-11-17,1593.4,393.85,1103.15,1060.85,4895.9,1948.6,3734.55,3808.75,3804.35,686.3,3075.1
2022-11-20,1568.2,388.65,1095.5,1042.6,4766.85,1925.4,3659.4,3760.75,3809.2,683.2,3064.35
2022-11-21,1585.05,388.8,1103.4,1050.65,4756.15,1923.95,3712.1,3807.85,3855.8,683.4,3084.9
2022-11-22,1583.15,388.75,1103.4,1044.05,4742.05,1899.65,3734.65,3874.35,3822.7,727.0,3055.7
2022-11-23,1629.8,398.25,1129.6,1069.3,4945.55,1941.25,3888.3,3947.9,3890.5,718.25,3045.75
2022-11-24,1635.65,402.8,1128.2,1080.15,4938.3,1989.55,3970.8,3944.8,3885.85,718.35,3049.35
2022-11-27,1623.4,405.65,1118.8,1077.2,4941.3,2011.65,4027.95,3979.4,3862.05,714.9,3093.1
2022-11-28,1629.05,405.15,1128.95,1074.55,4912.15,2003.65,4034.75,3977.75,3846.35,718.1,3094.7
2022-11-29,1634.95,406.9,1120.8,1077.0,4838.55,2017.25,4154.7,4036.3,3814.85,714.85,3107.85
2022-11-30,1657.1,413.7,1136.4,1101.5,5010.45,2135.2,4323.9,4116.85,4159.75,712.5,3122.0
2022-12-01,1637.9,412.4,1135.55,1114.75,5065.75,2157.35,4345.25,4237.5,4287.35,719.0,3218.8
2022-12-04,1639.75,412.35,1130.85,1099.75,4975.4,2135.95,4263.7,4191.8,4248.95,718.2,3176.0
2022-12-05,1612.9,411.35,1120.95,1088.8,4815.55,2095.6,4135.15,4079.9,4218.1,715.4,3132.85
2022-12-06,1605.5,406.3,1105.9,1078.05,4687.6,2070.25,4058.55,4023.95,4152.8,710.25,3108.85
2022-12-07,1620.15,403.7,1101.35,1074.15,4558.8,2080.45,4102.15,3985.8,4106.5,714.1,3098.0
2022-12-08,1569.3,394.05,1027.5,1035.3,4401.75,1997.3,3955.6,3877.2,3980.9,697.25,3046.95
2022-12-11,1547.2,396.35,1028.4,1032.1,4330.95,1998.9,4052.7,3906.25,3883.85,684.0,3037.15
2022-12-12,1572.15,397.75,1044.7,1045.75,4317.8,1988.85,4079.6,3918.6,3905.05,677.4,3094.5
2022-12-13,1579.4,400.05,1056.2,1065.1,4443.15,2000.85,4197.2,3985.3,4029.65,683.35,3094.25
2022-12-14,1540.5,395.2,1042.35,1022.75,4331.3,1962.35,4103.5,3875.25,4044.0,695.25,3042.3
2022-12-15,1522.2,389.75,1029.65,1020.8,4336.35,1913.15,3968.35,3952.6,3983.25,702.6,3018.85
2022-12-18,1507.35,389.05,1033.25,1026.7,4372.6,1923.05,3961.35,3895.65,3990.05,710.05,2999.7
2022-12-19,1507.3,388.95,1029.7,1017.95,4362.2,1950.7,3912.2,3895.95,3951.05,704.35,3020.95
2022-12-20,1509.55,389.5,1040.35,1026.05,4424.25,1959.35,3908.9,3920.4,3957.1,704.35,3024.4
2022-12-21,1522.05,388.75,1039.1,1015.85,4378.5,1989.15,3897.4,3885.6,3951.45,711.05,3007.6
2022-12-22,1497.1,377.65,1030.6,995.75,4266.55,1919.45,3834.35,3735.45,3702.6,650.45,2986.85
2022-12-25,1502.4,380.5,1031.7,1001.0,4348.95,1916.75,3810.7,3770.65,3728.35,689.25,3003.7
2022-12-26,1514.85,386.6,1036.35,1009.55,4390.45,1942.0,3915.95,3874.35,3772.5,696.95,3016.45
2022-12-27,1510.15,387.8,1035.45,1016.25,4332.0,1940.4,3860.1,3914.5,3700.1,700.0,3002.95
2022-12-28,1517.55,390.75,1044.45,1013.2,4420.2,1931.6,3827.6,3915.35,3659.4,701.65,2994.8
2022-12-29,1508.2,392.75,1039.3,1016.4,4365.4,1972.8,3870.9,3884.1,3683.55,704.25,3023.35
2023-01-01,1524.0,393.05,1039.45,1009.5,4322.1,1969.4,4027.95,3951.2,3723.5,696.75,3024.0
2023-01-02,1522.55,397.05,1041.35,1023.8,4349.15,2004.3,4048.9,4019.55,3707.25,691.75,2999.55
2023-01-03,1494.8,389.7,1036.6,1020.3,4277.95,2006.35,3928.95,3949.25,3716.9,681.15,3014.4
2023-01-04,1475.2,386.9,1044.1,1011.65,4260.2,2013.4,3929.45,3929.45,3641.55,682.7,3006.85
2023-01-05,1448.5,382.0,1032.8,986.15,4197.6,1977.7,3851.9,3901.0,3624.6,716.65,2996.3
2023-01-08,1484.45,391.8,1067.45,1015.25,4295.25,1999.5,3994.85,4017.35,3671.05,715.6,3006.8
2023-01-09,1469.75,393.05,1063.85,1002.65,4231.6,1988.75,3963.1,3974.4,3639.05,719.45,3019.9
2023-01-10,1471.25,393.85,1054.8,1006.35,4225.5,2029.0,3926.45,3936.1,3628.0,703.05,3048.6
2023-01-11,1480.6,394.5,1071.65,1001.55,4276.15,2014.4,3978.2,3904.2,3642.8,692.55,3054.45
2023-01-12,1503.65,393.9,1077.8,1003.15,4287.45,2035.25,4005.9,3884.45,3448.75,692.4,3083.6
2023-01-15,1525.5,398.6,1093.7,1034.45,4277.0,2039.9,3974.15,3898.5,3431.1,693.25,3094.3
2023-01-16,1539.5,396.35,1111.05,1046.05,4274.25,2041.5,3976.7,3918.0,3409.7,702.25,3130.5
2023-01-17,1545.4,403.2,1115.15,1048.35,4273.75,2047.05,3959.6,3925.8,3419.1,692.6,3114.65
2023-01-18,1538.9,403.4,1111.4,1053.3,4238.75,2067.35,4258.15,3966.55,3397.15,695.4,3095.45
2023-01-19,1525.55,403.15,1107.8,1046.5,4268.05,2024.65,4323.5,4102.0,3230.7,696.75,3042.65
2023-01-22,1548.0,407.0,1121.2,1065.3,4368.85,2058.8,4593.15,4358.9,3322.9,697.8,3094.25
2023-01-23,1551.9,406.6,1137.85,1070.6,4509.45,2117.2,4588.3,4324.0,3425.95,702.3,3119.85
2023-01-24,1543.0,401.55,1122.75,1051.15,4430.65,2070.0,4594.0,4272.7,3309.4,707.0,3083.5
2023-01-26,1519.15,398.05,1115.6,1030.1,4399.05,2072.4,4576.95,4294.1,3296.4,697.4,3051.55
2023-01-29,1538.8,402.25,1134.75,1036.1,4448.9,2116.85,4614.9,4418.65,3302.25,709.3,3054.65
2023-01-30,1533.75,398.85,1122.2,1015.0,4368.55,2072.8,4687.55,4378.9,3335.9,762.9,3046.9
2023-01-31,1551.1,402.4,1132.1,1023.75,4388.1,2072.15,4684.35,4352.75,3333.0,742.6,3025.7
2023-02-01,1583.75,409.45,1149.6,1016.65,4587.75,2095.8,4824.4,4433.9,3440.55,787.5,3112.05
2023-02-02,1599.4,407.9,1146.15,1011.3,4502.2,2087.3,4851.0,4308.6,3446.95,778.35,3123.7
2023-02-05,1569.85,404.65,1145.7,1005.35,4596.05,2094.6,4839.0,4317.8,3459.4,776.3,3124.3
2023-02-06,1562.4,400.5,1128.25,1002.45,4594.25,2091.15,4820.6,4302.6,3446.4,778.85,3171.4
2023-02-07,1590.5,406.75,1145.0,1011.05,4714.7,2126.8,4833.8,4329.45,3543.9,803.2,3169.6
2023-02-08,1617.0,408.3,1146.35,1016.0,4695.65,2140.15,4824.85,4340.5,3622.05,817.25,3190.9
2023-02-09,1608.55,405.8,1115.65,1017.35,4691.6,2153.35,4890.7,4334.3,3612.15,855.45,3176.6
2023-02-12,1567.45,400.6,1113.0,1002.5,4621.0,2128.6,4721.8,4032.25,3581.85,820.3,3123.05
2023-02-13,1593.25,405.1,1125.45,1012.05,4636.65,2152.15,4751.55,4079.9,3606.5,834.5,3144.7
2023-02-14,1597.05,407.4,1132.9,1071.4,4742.85,2158.7,4830.95,4115.0,3621.5,844.05,3165.05
2023-02-15,1601.8,409.9,1128.15,1130.25,4948.0,2262.55,4939.75,4229.3,3757.2,866.15,3221.5
2023-02-16,1583.8,406.3,1109.55,1129.2,4858.3,2236.55,4910.35,4204.1,3694.2,856.1,3231.65
2023-02-19,1592.45,407.05,1115.7,1144.2,4886.85,2243.1,5062.05,4335.45,3746.6,827.9,3239.15
2023-02-20,1579.5,402.75,1105.2,1134.45,4878.9,2210.3,4968.0,4339.95,3754.1,822.1,3200.6
2023-02-21,1561.8,395.15,1092.6,1125.7,4805.3,2200.0,5039.5,4342.55,3711.65,811.35,3164.85
2023-02-22,1550.7,393.95,1094.35,1128.8,4853.6,2183.05,4971.0,4420.9,3706.5,823.55,3153.25
2023-02-23,1550.65,393.3,1094.85,1119.0,4853.55,2197.95,4895.0,4377.5,3708.3,833.7,3147.9
2023-02-26,1509.3,390.35,1083.95,1113.95,4775.0,2039.85,4821.5,4273.95,3653.0,816.8,3159.45
2023-02-27,1487.55,387.05,1077.6,1100.25,4722.05,2035.4,4793.1,4298.65,3684.75,829.65,3169.1
2023-02-28,1496.05,390.95,1101.1,1126.9,4743.8,2060.4,4908.1,4300.35,3748.65,844.0,3162.75
2023-03-01,1472.15,388.05,1105.95,1109.8,4705.55,2047.2,4860.35,4249.7,3698.4,846.2,3147.45
2023-03-02,1479.3,390.45,1119.0,1085.15,4710.35,2079.2,4866.15,4258.4,3754.65,837.45,3153.2
2023-03-05,1507.45,393.75,1126.7,1090.05,4821.2,2138.45,4878.0,4328.35,3713.25,835.2,3236.5
2023-03-07,1492.7,392.6,1120.65,1078.3,4781.45,2144.9,4891.65,4279.6,3675.35,822.2,3236.2
2023-03-08,1480.4,390.1,1116.65,1060.0,4738.0,2104.9,4817.6,4255.35,3712.0,825.75,3227.1
2023-03-09,1471.55,389.1,1116.3,1061.25,4640.1,2038.95,4749.4,4136.35,3663.3,823.1,3242.2
2023-03-12,1435.1,385.45,1098.6,1133.8,4616.0,1961.75,4622.05,4084.65,3648.75,792.7,3182.95
2023-03-13,1420.0,379.45,1084.05,1115.3,4566.95,1896.7,4533.1,3921.65,3591.05,778.5,3164.2
2023-03-14,1419.65,375.75,1079.65,1114.4,4592.3,1899.35,4524.8,3950.0,3536.0,847.3,3200.15
2023-03-15,1404.1,372.85,1072.4,1117.75,4553.05,1905.05,4480.7,3852.05,3481.9,815.7,3205.4
2023-03-16,1420.7,376.5,1108.45,1127.15,4673.95,1886.4,4651.95,3901.0,3570.1,869.2,3237.8
2023-03-19,1403.65,367.15,1090.85,1109.0,4678.25,1823.35,4557.95,3774.65,3528.15,889.6,3228.65
2023-03-20,1390.7,366.4,1083.9,1095.65,4674.1,1792.3,4476.55,3712.6,3426.9,877.4,3181.9
2023-03-21,1389.25,366.4,1081.45,1099.6,4649.75,1799.35,4492.55,3738.65,3411.6,894.8,3211.7
2023-03-22,1374.55,361.5,1065.9,1099.45,4601.9,1782.85,4426.7,3748.6,3360.9,881.45,3184.9
2023-03-23,1380.65,361.75,1051.75,1101.95,4601.45,1737.4,4324.8,3700.5,3385.5,886.05,3201.15
2023-03-26,1388.95,361.25,1051.5,1103.0,4557.7,1724.75,4367.1,3635.75,3376.05,872.5,3219.1
2023-03-27,1377.6,356.2,1041.1,1070.3,4554.9,1669.1,4425.05,3598.05,3309.95,888.95,3212.6
2023-03-28,1383.55,359.05,1067.5,1081.1,4620.55,1718.2,4541.8,3660.35,3357.3,895.95,3232.9
2023-03-30,1427.95,365.25,1085.25,1101.85,4759.65,1795.75,4609.5,3814.1,3378.55,925.1,3263.75
2023-04-02,1410.85,367.95,1098.15,1103.2,4739.85,1797.65,4533.55,3851.35,3435.25,811.2,3274.95
2023-04-04,1423.55,369.75,1111.2,1103.5,4833.45,1815.65,4550.55,4079.2,3652.5,815.75,3265.95
2023-04-05,1421.9,366.65,1091.85,1092.75,4773.25,1794.1,4547.3,4000.1,3597.3,796.2,3254.55
2023-04-09,1427.6,373.3,1103.1,1107.25,4797.4,1811.7,4569.75,4061.3,3593.5,799.85,3303.85
2023-04-10,1406.15,370.25,1087.0,1098.25,4772.4,1799.05,4512.5,4004.85,3543.1,837.0,3284.15
2023-04-11,1428.3,372.15,1094.5,1109.9,4827.7,1820.6,4543.6,4065.2,3569.55,851.45,3312.5
2023-04-12,1389.2,368.3,1071.85,1086.85,4646.4,1771.05,4391.75,4028.7,3529.85,869.1,3301.75
2023-04-16,1258.3,361.35,1042.2,1029.95,4332.6,1736.55,4204.55,3891.9,3432.6,858.6,3281.15
2023-04-17,1259.35,367.9,1063.85,1025.2,4318.6,1783.8,4355.6,4028.2,3450.35,866.75,3299.3
2023-04-18,1232.2,360.8,1038.7,1013.9,4194.55,1784.05,4317.4,3901.95,3435.1,853.35,3289.85
2023-04-19,1223.4,362.85,1037.5,1021.8,4152.85,1758.0,4290.05,3813.45,3359.6,856.4,3296.4
2023-04-20,1227.35,368.05,1048.95,998.75,4170.85,1759.95,4301.35,3830.75,3386.75,848.7,3309.2
2023-04-23,1226.3,377.95,1054.05,1006.1,4183.45,1760.3,4442.3,3891.6,3434.95,849.7,3417.35
2023-04-24,1224.9,375.65,1053.45,997.0,4186.4,1759.8,4472.2,3929.95,3425.75,852.0,3419.05
2023-04-25,1227.55,374.55,1065.55,996.3,4160.15,1760.0,4472.2,3943.7,3446.95,905.5,3467.25
2023-04-26,1246.25,374.4,1071.25,1003.15,4320.15,1784.05,4583.2,4051.3,3731.0,919.55,3500.35
2023-04-27,1252.75,385.0,1064.1,1023.7,4419.45,1814.45,4737.25,4184.5,3775.25,916.8,3561.85
2023-05-01,1277.45,388.35,1067.55,1053.45,4548.25,1861.05,4750.9,4130.65,3805.7,935.3,3633.15
2023-05-02,1269.15,385.1,1058.95,1039.6,4498.0,1852.4,4677.95,4099.25,3723.8,922.4,3646.8
2023-05-03,1273.55,383.7,1066.8,1045.45,4501.05,1844.9,4669.25,4104.95,3725.3,909.25,3692.9
2023-05-04,1259.1,379.4,1055.55,1036.4,4487.85,1820.0,4639.75,4117.6,3676.7,884.55,3665.9
2023-05-07,1265.6,380.35,1075.75,1043.35,4517.8,1850.8,4674.25,4116.25,3737.3,883.15,3707.6
2023-05-08,1270.7,382.3,1079.0,1047.8,4622.65,1860.2,4695.1,4125.05,3763.5,880.55,3437.25
2023-05-09,1263.25,383.75,1078.3,1046.15,4594.7,1865.8,4671.8,4125.4,3835.15,896.25,3492.6
2023-05-10,1256.1,384.65,1088.1,1044.05,4658.2,1872.2,4667.2,4124.8,3839.15,897.75,3549.85
2023-05-11,1245.2,383.25,1095.5,1046.35,4687.2,1852.35,4651.9,4085.65,3812.6,898.65,3551.45
2023-05-14,1258.35,385.75,1099.75,1064.45,4707.15,1865.05,4691.35,4131.3,3855.45,920.9,3536.1
2023-05-15,1264.3,386.95,1090.7,1057.2,4736.05,1880.15,4718.0,4204.0,3847.9,927.2,3549.65
2023-05-16,1246.9,382.3,1074.55,1054.15,4739.9,1860.65,4804.35,4214.0,3826.45,933.15,3560.85
2023-05-17,1246.0,382.6,1079.9,1048.7,4712.8,1862.2,4748.25,4206.15,3844.4,941.05,3508.35
2023-05-18,1268.9,386.2,1095.35,1072.15,4803.0,1906.5,4888.2,4278.15,3837.35,943.75,3550.1
2023-05-21,1292.8,395.75,1119.85,1104.45,4987.45,1968.8,5041.1,4370.95,3928.55,938.8,3575.55
2023-05-22,1300.05,397.65,1107.35,1090.5,4857.85,1944.25,4950.05,4304.5,3897.85,926.2,3564.75
2023-05-23,1298.65,399.7,1111.95,1098.75,4826.35,1947.8,4966.7,4255.4,3792.3,979.65,3573.1
2023-05-24,1304.35,394.1,1116.0,1098.1,4910.55,1933.9,5026.5,4297.25,3801.5,1020.3,3565.7
2023-05-25,1317.45,401.7,1139.2,1114.75,5001.1,1974.7,5088.95,4459.95,3878.25,1006.8,3596.8
2023-05-28,1314.4,399.8,1126.2,1114.05,4988.9,1967.85,5039.25,4420.15,3866.8,993.75,3574.65
2023-05-29,1323.85,402.5,1135.85,1098.4,4991.25,1974.9,5072.35,4400.15,3872.9,1011.0,3589.1
2023-05-30,1318.3,403.65,1145.1,1115.55,4998.4,1946.85,5138.4,4555.1,3903.0,1063.05,3633.6
2023-05-31,1319.5,407.15,1141.9,1120.8,4969.3,1977.35,5173.5,4562.15,3898.05,1100.3,3616.55
2023-06-01,1299.0,404.95,1137.05,1123.1,4994.15,2017.65,5226.5,4590.8,3935.75,1114.85,3613.55
2023-06-04,1304.5,404.2,1138.3,1109.35,4943.2,1987.35,5209.45,4592.45,3925.8,1115.6,3629.3
2023-06-05,1279.0,399.95,1128.6,1086.25,4884.85,1914.4,4981.05,4415.5,3842.1,1131.05,3551.45
2023-06-06,1288.95,402.8,1129.05,1095.7,4902.25,1908.75,5018.55,4452.05,3870.35,1153.2,3592.85
2023-06-07,1282.8,399.55,1126.75,1071.3,4805.2,1863.85,4926.15,4385.55,3829.1,1129.15,3541.2
2023-06-08,1265.95,397.3,1109.75,1063.05,4823.05,1853.25,4886.75,4408.0,3808.45,1139.65,3540.95
2023-06-11,1291.95,395.6,1139.65,1074.75,4899.35,1889.95,4983.7,4506.3,3890.3,1142.25,3595.8
2023-06-12,1304.85,395.55,1131.3,1079.4,4944.95,1898.25,5040.2,4567.9,3953.8,1092.75,3797.5
2023-06-13,1300.4,396.45,1135.85,1077.6,4906.7,1877.25,4964.25,4619.6,3876.3,1039.7,3884.45
2023-06-14,1286.8,388.95,1143.6,1081.5,4971.15,1875.1,4984.25,4582.95,3836.25,1063.65,3851.9
2023-06-15,1291.65,381.3,1148.2,1077.2,5010.6,1860.05,4958.75,4594.25,3878.45,1084.4,3869.9
2023-06-18,1294.0,380.15,1137.55,1093.6,5049.95,1873.05,4943.1,4562.9,3906.0,1071.65,3864.35
2023-06-19,1303.4,382.5,1168.65,1107.35,5022.15,1884.5,4969.05,4559.25,3970.15,1058.45,3911.65
2023-06-20,1299.35,385.5,1170.45,1119.9,5000.5,1876.75,4937.4,4604.85,3996.4,1063.15,3908.1
2023-06-21,1281.55,382.3,1163.4,1119.05,5026.05,1855.05,4869.9,4534.7,3984.05,1062.2,3853.85
2023-06-22,1265.0,379.95,1165.15,1115.5,4956.65,1831.05,4804.85,4499.45,3817.15,1067.35,3813.25
2023-06-25,1270.35,380.9,1167.5,1111.9,5007.3,1814.0,4906.15,4606.7,3812.55,1075.35,3827.35
2023-06-26,1279.15,382.6,1170.0,1119.7,5163.05,1839.25,4891.9,4695.45,3849.3,1082.15,3805.0
2023-06-27,1293.35,381.7,1170.25,1108.1,5088.9,1848.8,4875.9,4668.9,3846.8,1094.75,3835.25
2023-06-29,1335.5,389.15,1187.95,1130.85,5197.2,1895.05,5011.05,4711.3,3936.1,1089.8,3858.65
2023-07-02,1333.7,391.6,1181.6,1121.45,5211.35,1903.35,4861.75,4684.35,3896.15,1076.35,3817.15
2023-07-03,1345.15,395.95,1190.6,1148.0,5250.55,1915.55,4867.4,4708.6,3950.1,1060.75,3832.95
2023-07-04,1347.3,393.9,1194.8,1175.0,5242.1,1882.05,4856.3,4725.45,4005.95,1055.6,3862.9
2023-07-05,1343.9,396.2,1180.65,1179.25,5178.2,1882.75,4889.3,4745.3,4000.6,1085.75,3868.3
2023-07-06,1330.2,395.85,1157.6,1156.0,5114.55,1877.5,4829.55,4691.65,3943.15,1079.4,3806.4
2023-07-09,1329.15,389.95,1124.5,1147.15,4997.75,1884.6,4748.2,4611.3,3918.65,1060.9,3753.1
2023-07-10,1348.6,392.05,1114.9,1161.45,4924.25,1908.85,4717.9,4696.95,3896.9,1054.4,3834.1
2023-07-11,1333.3,391.85,1110.55,1159.4,4816.2,1904.0,4694.85,4649.8,3850.95,1064.3,3809.25
2023-07-12,1365.1,394.3,1108.8,1175.25,4893.3,1922.2,4760.1,4755.5,3884.7,1047.55,3843.9
2023-07-13,1425.95,405.05,1150.95,1228.65,5093.1,2069.55,4924.0,4925.8,4094.95,1063.15,4021.5
2023-07-16,1425.95,415.25,1153.75,1228.65,5134.85,2123.75,4962.25,4958.15,4097.3,1090.65,3951.1
2023-07-17,1475.2,417.2,1167.2,1247.55,5001.15,2123.4,4983.4,4965.85,4067.7,1067.1,3916.7
2023-07-18,1474.95,417.95,1169.05,1244.7,4990.5,2169.8,5138.7,4875.95,4142.8,1084.35,3957.1
2023-07-19,1449.5,417.65,1155.8,1252.95,4985.05,2213.9,5043.75,4819.45,4090.55,1060.7,3928.3
2023-07-20,1331.6,404.7,1115.45,1195.1,4922.75,2330.85,4749.6,4640.3,4042.05,1000.9,3856.55
2023-07-23,1336.6,404.05,1112.9,1161.85,4879.05,2272.6,4773.9,4725.7,3993.75,1056.8,3850.85
2023-07-24,1334.6,400.4,1111.55,1156.5,4868.65,2268.1,4682.95,4687.75,3974.15,1056.6,3844.2
2023-07-25,1348.85,402.75,1115.0,1143.2,4860.55,2254.45,4664.15,4716.15,3932.85,1064.05,3797.95
2023-07-26,1353.15,399.95,1117.35,1099.9,4862.45,2280.95,4720.35,4692.7,3938.95,1084.85,3789.5
2023-07-27,1340.5,398.75,1103.55,1091.05,4844.05,2250.35,4696.8,4672.3,4016.1,1071.5,3818.85
2023-07-30,1355.7,405.05,1116.7,1115.5,4891.65,2294.95,4744.05,4703.7,4036.25,1082.75,3886.0
2023-07-31,1365.2,406.95,1138.5,1143.5,4977.45,2294.6,4809.55,4845.45,4164.5,1092.4,3870.0
2023-08-01,1356.85,402.8,1130.9,1145.65,4865.95,2208.0,4717.0,4757.1,4126.6,1099.7,3852.05
2023-08-02,1364.3,399.65,1125.5,1142.8,4869.9,2236.65,4691.2,4765.25,4203.55,1081.2,3816.75
2023-08-03,1378.35,408.85,1144.35,1175.2,4940.9,2263.65,4785.75,4888.15,4215.2,1146.25,3883.3
2023-08-06,1393.0,411.15,1150.8,1183.65,5047.05,2330.15,4882.1,4942.65,4239.7,1151.0,3952.6
2023-08-07,1390.2,416.35,1141.35,1205.4,5082.55,2340.15,4856.95,4980.9,4276.55,1147.1,3950.8
2023-08-08,1394.4,417.8,1144.15,1228.0,5104.2,2363.3,4849.65,5067.95,4286.8,1139.4,3979.95
2023-08-09,1389.1,418.65,1134.3,1235.8,5106.55,2348.9,4844.5,5146.9,4241.1,1120.65,3971.05
2023-08-10,1371.85,413.05,1171.45,1220.45,5107.35,2329.65,4892.55,5267.9,4251.3,1142.15,3958.4
2023-08-13,1393.55,415.15,1171.0,1219.75,5193.3,2367.55,4938.1,5277.05,4250.5,1127.0,3985.6
2023-08-15,1419.1,418.65,1177.15,1227.85,5197.9,2314.35,4972.3,5075.95,4282.8,1135.55,4099.05
2023-08-16,1411.55,417.55,1176.7,1231.75,5097.55,2339.9,4914.2,5005.2,4303.1,1154.2,4054.65
2023-08-17,1388.8,411.7,1173.7,1210.8,5085.15,2291.05,4851.7,4920.15,4270.1,1152.65,3997.05
2023-08-20,1405.4,414.6,1179.25,1218.85,5147.55,2316.9,5010.7,4996.5,4344.75,1131.4,3998.0
2023-08-21,1403.75,417.1,1179.5,1213.2,5139.9,2368.5,5029.7,4961.0,4355.25,1132.55,3955.65
2023-08-22,1407.95,415.25,1182.5,1201.0,5174.5,2354.2,5005.1,4913.1,4367.95,1177.35,3957.65
2023-08-23,1423.6,412.7,1171.25,1199.1,5170.15,2463.9,5119.95,5390.85,4395.35,1173.25,4014.3
2023-08-24,1420.1,409.7,1153.95,1189.5,5127.4,2392.1,5137.9,5256.2,4342.85,1147.55,3964.1
2023-08-27,1415.65,408.05,1146.45,1184.75,5129.95,2330.55,5047.55,5171.9,4357.25,1151.1,4001.6
2023-08-28,1417.65,408.1,1157.55,1198.0,5136.75,2311.0,5106.35,5225.6,4349.35,1155.6,4004.5
2023-08-29,1435.15,407.2,1170.5,1197.2,5173.65,2365.85,5185.9,5298.25,4385.7,1155.65,4039.3
2023-08-30,1435.45,408.4,1172.15,1201.95,5193.4,2428.8,5370.7,5466.45,4404.25,1175.9,4109.3
2023-08-31,1443.85,416.35,1185.8,1228.05,5303.35,2433.2,5543.3,5451.9,4450.7,1200.7,4136.25
2023-09-03,1465.1,434.1,1232.5,1256.75,5365.7,2492.4,5782.55,5489.0,4521.25,1178.3,4140.1
2023-09-04,1478.9,431.85,1235.55,1254.55,5426.15,2521.9,5925.7,5611.5,4602.5,1165.95,4204.25
2023-09-05,1477.45,429.3,1235.85,1248.95,5407.25,2475.75,5957.45,5625.6,4611.7,1167.45,4206.9
2023-09-06,1466.2,432.85,1254.0,1269.25,5485.9,2468.45,5939.8,5610.35,4636.1,1164.5,4270.45
2023-09-07,1469.6,430.0,1262.05,1262.95,5478.5,2466.15,5971.05,5550.6,4654.2,1164.5,4347.75
2023-09-10,1476.45,434.85,1281.55,1268.85,5508.65,2476.45,5936.15,5515.7,4655.05,1166.85,4396.55
2023-09-11,1501.1,435.0,1282.4,1266.0,5505.45,2468.2,5839.9,5459.5,4647.4,1144.45,4288.35
2023-09-12,1498.35,435.7,1275.25,1260.4,5539.1,2445.1,5779.5,5437.15,4607.65,1137.45,4209.5
2023-09-13,1506.95,436.45,1283.6,1279.85,5498.6,2461.95,5939.15,5456.65,4758.35,1169.2,4272.7
2023-09-14,1511.6,441.05,1304.6,1300.05,5532.8,2493.15,5965.65,5618.9,4723.95,1169.65,4298.95
2023-09-17,1491.8,436.1,1305.0,1289.8,5513.75,2484.0,5838.9,5544.9,4663.2,1140.55,4253.85
2023-09-19,1490.25,430.1,1293.4,1274.35,5473.45,2482.7,5786.65,5418.0,4609.45,1128.8,4220.85
2023-09-20,1501.75,428.95,1278.0,1291.65,5394.15,2488.1,5755.05,5336.3,4660.25,1077.6,4254.4
2023-09-21,1496.15,418.5,1273.7,1305.35,5427.5,2486.0,5849.35,5293.45,4651.3,1073.75,4195.3
2023-09-24,1474.15,414.1,1263.45,1299.45,5377.1,2493.4,5917.35,5285.9,4725.95,1051.2,4133.25
2023-09-25,1460.65,412.9,1261.45,1282.3,5363.05,2441.45,5859.05,5193.2,4717.65,1086.6,4132.45
2023-09-26,1467.0,415.65,1261.1,1288.65,5436.9,2470.0,5838.8,5204.95,4736.5,1128.3,4166.5
2023-09-27,1439.45,405.35,1241.9,1229.5,5264.9,2385.8,5736.95,5123.3,4621.8,1142.4,4067.3
2023-09-28,1435.45,406.05,1234.8,1222.8,5209.85,2376.6,5796.7,5104.45,4575.95,1152.3,4110.85
2023-10-02,1434.0,405.45,1238.7,1216.2,5212.75,2379.75,5728.05,5106.6,4568.25,1130.0,4087.15
2023-10-03,1444.35,404.9,1239.55,1205.0,5186.2,2427.3,5692.65,5135.75,4550.6,1139.35,4041.85
2023-10-04,1463.45,406.8,1235.45,1205.6,5226.25,2471.2,5739.35,5205.7,4639.65,1157.3,4017.4
2023-10-05,1478.7,407.85,1237.7,1216.9,5239.2,2491.0,5748.05,5185.55,4655.0,1146.8,4102.2
2023-10-08,1475.45,405.6,1249.6,1212.65,5206.45,2475.0,5595.85,5138.75,4746.95,1133.2,4093.25
2023-10-09,1495.15,407.75,1261.8,1227.75,5266.35,2480.2,5757.15,5196.25,4783.6,1165.05,4161.6
2023-10-10,1494.4,421.15,1245.6,1231.6,5244.45,2464.1,5760.95,5154.65,4753.85,1223.7,4161.9
2023-10-11,1465.5,417.1,1223.75,1198.75,5154.75,2455.85,5771.45,5096.9,4728.1,1211.05,4099.2
2023-10-12,1431.15,411.05,1255.9,1194.1,5095.15,2376.2,5765.45,5006.65,4725.85,1201.2,4100.15
2023-10-15,1434.15,410.2,1270.65,1184.6,5162.45,2359.5,5760.9,5040.15,4690.3,1229.15,4106.5
2023-10-16,1442.45,411.4,1277.15,1197.6,5213.75,2290.75,5711.65,5061.7,4613.45,1198.7,4170.5
2023-10-17,1440.55,407.45,1269.45,1187.1,5155.2,2255.2,5715.75,5092.1,4353.6,1204.85,4132.1
2023-10-18,1433.65,395.3,1267.35,1172.15,5457.8,2260.7,5848.95,5108.8,4367.35,1213.25,4011.45
2023-10-19,1427.25,391.85,1258.6,1170.7,5416.2,2169.75,5907.3,5000.1,4313.2,1195.4,3926.8
2023-10-22,1408.65,383.15,1236.65,1155.95,5201.75,2121.15,5806.25,4915.4,4215.5,1151.9,3933.9
2023-10-24,1370.05,381.85,1229.0,1142.15,5204.05,2127.6,5898.55,4899.05,4208.5,1147.85,3959.55
2023-10-25,1359.45,378.25,1231.8,1115.45,5170.5,2105.35,5866.55,4904.4,4139.25,1120.35,3902.6
2023-10-26,1380.35,382.35,1268.7,1120.55,5171.0,2114.3,6083.75,5008.95,4176.25,1128.5,3932.55
2023-10-29,1377.05,382.0,1264.75,1126.9,5149.2,2144.95,6067.9,4988.65,4180.05,1185.4,3885.3
2023-10-30,1368.4,381.8,1276.0,1133.15,5060.4,2123.4,6160.2,4984.25,4186.7,1217.55,3877.65
2023-10-31,1354.15,380.95,1258.95,1125.1,4998.7,2142.15,6211.0,5026.6,4165.55,1213.85,3916.05
2023-11-01,1370.15,383.65,1273.4,1115.5,5020.05,2187.7,6225.45,5056.4,4211.15,1221.1,3909.2
2023-11-02,1389.05,383.55,1266.25,1133.1,5134.95,2210.2,6286.15,5083.1,4232.45,1241.5,3933.9
2023-11-05,1403.3,384.65,1269.7,1142.15,5149.65,2191.7,6246.0,5115.3,4261.75,1253.35,3981.6
2023-11-06,1404.3,383.3,1273.95,1149.0,5186.95,2202.3,6226.15,5087.6,4264.85,1271.95,3960.95
2023-11-07,1391.0,382.2,1267.65,1139.15,5233.4,2182.2,6288.4,5111.7,4279.2,1327.75,4080.25
2023-11-08,1374.8,380.85,1267.5,1123.95,5254.7,2193.65,6319.7,5128.1,4253.0,1314.7,4060.55
2023-11-09,1368.85,379.3,1255.45,1138.15,5262.15,2202.2,6246.15,5139.0,4275.05,1369.2,4019.15
2023-11-11,1388.2,382.45,1260.2,1142.15,5263.9,2208.85,6262.7,5136.25,4296.9,1411.2,4032.4
2023-11-12,1373.55,381.65,1261.0,1131.35,5261.1,2151.4,6236.1,5085.2,4257.7,1393.5,3998.25
2023-11-14,1410.5,391.65,1276.65,1173.75,5401.65,2269.05,6263.8,5343.25,4391.0,1393.1,4051.45
2023-11-15,1444.9,397.1,1311.05,1207.2,5519.5,2365.55,6396.25,5701.1,4431.85,1479.95,4139.7
2023-11-16,1437.55,395.4,1309.15,1202.75,5518.5,2325.4,6386.85,5674.95,4453.7,1536.65,4180.0
2023-11-19,1436.6,400.2,1325.4,1211.8,5556.1,2349.45,6480.5,5708.45,4530.1,1624.0,4195.0
2023-11-20,1439.0,400.65,1326.6,1204.5,5520.25,2336.1,6465.6,5625.4,4596.5,1505.8,4153.7
2023-11-21,1457.8,400.25,1329.7,1215.4,5553.65,2351.95,6594.0,5634.45,4566.75,1445.8,4082.85
2023-11-22,1449.25,402.5,1329.0,1210.9,5471.35,2352.35,6378.85,5619.65,4529.3,1446.45,4095.05
2023-11-23,1437.4,396.0,1309.15,1197.85,5472.6,2319.4,6390.35,5618.55,4568.55,1468.75,4031.15
2023-11-27,1442.7,396.85,1316.65,1202.4,5479.25,2299.8,6319.1,5566.3,4591.35,1489.8,4025.9
2023-11-28,1459.6,406.25,1333.95,1221.7,5588.5,2344.85,6442.7,5694.75,4675.6,1492.6,4022.75
2023-11-29,1455.15,413.05,1340.9,1220.95,5536.7,2354.65,6399.95,5760.85,4768.95,1499.3,4011.0
2023-11-30,1452.3,407.65,1336.7,1220.55,5577.05,2375.2,6433.3,5714.0,4801.9,1483.05,4043.3
2023-12-03,1464.35,407.45,1337.95,1223.9,5577.4,2371.3,6441.45,5675.95,4748.1,1497.25,4052.0
2023-12-04,1453.95,404.35,1317.55,1220.6,5487.65,2343.9,6379.95,5605.85,4675.3,1478.15,4031.3
2023-12-05,1474.3,418.75,1329.55,1225.2,5639.85,2384.35,6335.8,5701.75,4858.95,1462.2,4111.25
2023-12-06,1465.9,418.25,1328.0,1223.25,5567.2,2396.25,6308.85,5700.65,4926.5,1458.95,4134.15
2023-12-07,1491.15,422.6,1364.1,1225.3,5708.7,2427.05,6464.5,5783.0,4939.05,1478.6,4131.35
2023-12-10,1488.5,420.6,1375.3,1233.3,5770.65,2433.2,6527.05,5864.75,4944.5,1463.25,4212.95
2023-12-11,1476.05,422.2,1375.3,1226.15,5758.0,2433.1,6527.45,5856.65,4947.5,1432.65,4108.8
2023-12-12,1449.0,419.65,1369.2,1216.1,5727.5,2425.65,6521.7,5830.45,4923.95,1474.95,4069.95
2023-12-13,1501.45,434.4,1414.6,1264.7,5944.3,2601.0,6859.3,6156.7,5098.35,1482.95,4166.0
2023-12-14,1578.4,446.55,1491.3,1306.1,6129.3,2658.9,7224.85,6439.85,5263.45,1518.6,4360.75
2023-12-17,1564.35,445.25,1504.3,1291.75,6139.2,2680.05,7146.55,6441.1,5329.15,1493.5,4375.3
2023-12-18,1558.3,438.7,1488.3,1281.45,6112.75,2674.55,7064.3,6273.4,5175.45,1501.25,4373.7
2023-12-19,1536.4,431.95,1439.95,1248.6,6032.5,2623.8,6996.6,6039.05,5047.9,1467.35,4187.1
2023-12-20,1536.0,434.0,1422.05,1250.1,6111.05,2644.35,7162.6,6127.9,5138.55,1516.4,4197.0
2023-12-21,1562.9,462.65,1462.7,1275.15,6229.1,2738.4,7431.35,6290.2,5204.55,1539.35,4212.15
2023-12-25,1543.95,470.1,1458.15,1282.0,6259.7,2714.05,7358.55,6276.05,5197.5,1527.7,4158.7
2023-12-26,1567.1,470.95,1472.05,1280.15,6287.2,2739.7,7395.8,6299.4,5206.6,1517.85,4194.5
2023-12-27,1562.65,469.45,1472.45,1285.95,6253.15,2728.55,7519.05,6272.35,5175.55,1505.9,4197.55
2023-12-28,1542.9,471.3,1466.1,1272.65,6294.95,2739.75,7389.4,6274.4,5254.95,1513.85,4212.8
2023-12-31,1551.35,477.15,1483.75,1297.15,6261.9,2736.85,7317.9,6192.55,5210.35,1490.5,4338.85
2024-01-01,1534.4,469.2,1469.55,1278.1,6144.0,2673.35,7329.05,6038.3,5183.5,1467.85,4466.55
2024-01-02,1490.0,455.9,1437.75,1244.2,5961.05,2578.7,7287.55,5928.2,5115.05,1462.7,4337.4
2024-01-03,1512.7,452.4,1419.95,1247.5,5866.4,2598.65,7265.2,5954.05,5229.55,1472.4,4337.7
2024-01-04,1532.55,456.6,1432.8,1248.3,5947.65,2637.55,7350.75,6076.35,5217.7,1506.55,4457.65
2024-01-07,1522.8,450.35,1447.9,1228.95,5845.6,2579.8,7286.35,6060.5,5158.65,1506.1,4351.65
2024-01-08,1529.3,450.75,1460.4,1235.65,5909.4,2555.55,7292.0,6067.85,5245.8,1517.6,4348.85
2024-01-09,1519.9,453.6,1492.1,1240.9,5947.5,2559.4,7381.3,6152.25,5342.15,1532.9,4334.15
2024-01-10,1494.2,448.2,1484.8,1249.4,5959.95,2578.8,7390.95,6238.1,5349.2,1540.95,4327.1
2024-01-11,1612.75,465.45,1540.8,1308.05,6237.05,2679.6,7655.05,6592.7,5468.95,1550.3,4656.75
2024-01-14,1652.1,494.6,1588.2,1337.65,6315.15,2625.85,7666.8,6614.05,5444.65,1538.8,5070.55
2024-01-15,1631.55,485.0,1555.45,1320.4,6235.9,2603.5,7619.4,6597.0,5349.8,1546.3,4912.9
2024-01-16,1640.2,482.4,1575.9,1326.75,6275.6,2627.0,7712.4,6626.95,5540.05,1541.3,5086.2
2024-01-17,1642.6,482.65,1567.55,1355.15,5603.0,2514.1,7763.15,6486.6,5406.6,1532.1,6545.5
2024-01-18,1659.2,485.05,1567.95,1389.9,5652.15,2549.05,7865.75,6415.35,5387.05,1547.8,6877.1
2024-01-19,1648.85,477.95,1544.0,1385.6,5656.75,2586.55,7921.55,6283.4,5416.15,1524.45,6700.5
2024-01-22,1642.15,469.9,1523.65,1366.65,5638.5,2533.2,8254.4,6201.6,5361.25,1501.5,6489.5
2024-01-23,1675.4,478.05,1576.4,1407.95,5619.55,2565.75,8475.8,6369.2,5499.75,1506.55,6602.35
2024-01-24,1669.1,470.0,1550.25,1322.05,5494.65,2522.4,8378.75,6205.05,5385.9,1415.45,6707.3
2024-01-28,1656.6,473.0,1574.55,1314.35,5448.35,2582.7,8637.6,6254.75,5437.65,1407.15,6631.5
2024-01-29,1651.45,472.5,1559.3,1317.85,5352.8,2603.5,8373.85,6244.8,5474.9,1457.25,6441.55
2024-01-30,1660.9,478.15,1576.0,1333.65,5448.55,2598.5,8353.15,6250.1,5583.95,1550.8,6521.1
2024-01-31,1657.05,471.35,1577.4,1312.5,5364.65,2600.15,8295.75,6169.75,5505.6,1524.65,6443.15
2024-02-01,1693.35,483.15,1583.75,1338.1,5485.85,2560.2,8502.6,6425.35,5523.15,1577.1,6564.1
2024-02-04,1687.2,482.35,1555.35,1332.75,5438.45,2500.65,8553.6,6366.3,5461.25,1594.35,6616.6
2024-02-05,1729.45,499.65,1623.75,1351.05,5470.3,2578.65,8642.0,6560.8,5580.3,1674.95,7034.9
2024-02-06,1693.75,495.2,1615.35,1318.0,5447.9,2590.95,8650.9,6583.5,5566.0,1655.05,7023.7
2024-02-07,1692.1,488.85,1633.8,1309.25,5420.8,2597.5,8629.85,6608.35,5562.25,1711.0,7233.15
2024-02-08,1669.35,490.45,1630.6,1311.05,5453.3,2589.3,8638.75,6500.75,5565.8,1727.85,7525.75
2024-02-11,1680.1,501.45,1666.95,1318.8,5516.5,2601.0,8704.75,6666.2,5571.4,1708.0,7198.8
2024-02-12,1684.55,511.6,1665.6,1328.45,5557.15,2628.55,8697.5,6661.9,5615.2,1588.6,7700.85
2024-02-13,1666.2,514.5,1671.5,1292.9,5505.15,2559.85,8617.05,6472.15,5402.75,1637.4,7765.85
2024-02-14,1676.35,518.5,1662.55,1300.35,5522.3,2708.6,8725.25,6644.8,5432.6,1643.25,7811.8
2024-02-15,1701.65,543.0,1667.45,1302.55,5580.4,2801.95,8869.55,6665.4,5462.7,1673.6,7917.5
2024-02-18,1699.75,535.95,1675.25,1310.0,5514.05,2779.35,8736.3,6754.9,5448.4,1630.6,7817.35
2024-02-19,1685.25,531.95,1663.05,1320.55,5504.35,2764.85,8700.9,6653.45,5410.9,1619.75,7796.25
2024-02-20,1655.55,521.4,1636.3,1296.6,5420.1,2654.35,8519.9,6546.0,5276.55,1571.75,7752.85
2024-02-21,1681.35,531.05,1686.4,1328.1,5486.75,2698.45,8560.15,6617.7,5351.05,1590.65,7909.15
2024-02-22,1676.85,536.15,1665.75,1322.25,5542.65,2727.6,8652.3,6606.0,5441.65,1583.65,7890.3
2024-02-25,1660.15,532.9,1649.8,1298.25,5466.15,2676.95,8425.4,6593.4,5431.15,1591.4,7886.75
2024-02-26,1663.6,531.45,1658.8,1296.05,5442.7,2688.9,8518.8,6561.55,5393.2,1579.95,7849.75
2024-02-27,1671.25,517.7,1651.9,1285.85,5409.95,2653.9,8408.35,6464.65,5314.95,1572.3,7649.35
2024-02-28,1673.9,518.6,1663.85,1273.85,5300.85,2617.35,8630.35,6554.05,5302.55,1570.55,7673.0
2024-02-29,1654.7,519.1,1644.1,1271.8,5273.55,2617.25,8599.0,6504.7,5287.0,1578.65,7710.05
2024-03-01,1656.3,522.85,1646.3,1272.5,5294.9,2657.3,8575.85,6505.15,5312.15,1583.9,7759.5
2024-03-03,1637.2,520.5,1637.95,1280.05,5216.85,2600.6,8471.15,6442.7,5258.45,1546.1,7780.8
2024-03-04,1606.5,513.3,1619.35,1272.5,5131.55,2544.2,8248.35,6316.45,5262.85,1493.35,7735.45
2024-03-05,1617.55,513.15,1644.2,1271.0,5164.2,2523.2,8365.15,6323.3,5285.75,1506.35,8006.3
2024-03-06,1616.45,515.5,1637.65,1288.15,5122.7,2492.85,8372.1,6253.7,5301.15,1496.3,8301.8
2024-03-10,1600.6,514.55,1638.65,1289.0,5123.0,2469.7,8234.55,6247.65,5270.8,1475.5,8103.45
2024-03-11,1612.95,510.85,1635.6,1292.3,5209.2,2426.35,8210.8,6263.65,5271.05,1456.3,8270.4
2024-03-12,1611.4,504.4,1631.5,1277.2,5195.0,2375.3,8127.35,6173.6,5154.4,1415.65,8033.15
2024-03-13,1653.3,517.95,1679.25,1293.35,5264.2,2482.55,8308.6,6087.6,5262.9,1429.35,8470.2
2024-03-14,1634.0,517.0,1647.3,1282.2,5194.35,2487.85,8432.45,6116.4,5419.35,1429.35,8453.3
2024-03-17,1602.65,510.2,1643.4,1272.65,5167.45,2461.85,8179.35,5697.15,5387.0,1383.3,8614.1
2024-03-18,1561.45,494.85,1599.15,1252.25,5105.7,2387.8,7979.45,5557.55,5190.55,1357.95,8274.75
2024-03-19,1554.95,493.5,1587.1,1264.3,5101.05,2384.65,8002.45,5529.75,5191.9,1347.55,8241.8
2024-03-20,1554.7,500.45,1595.8,1282.75,5159.9,2436.85,8204.85,5706.75,5457.5,1358.2,8410.2
2024-03-21,1508.85,487.1,1557.85,1262.65,5005.0,2389.4,7971.4,5540.1,5369.85,1385.7,8378.95
2024-03-25,1492.65,479.85,1562.25,1254.35,4975.2,2377.4,8074.8,5547.3,5419.35,1428.5,8764.3
2024-03-26,1483.85,472.3,1546.2,1253.8,4927.5,2407.0,8099.65,5549.25,5446.3,1482.0,8802.25
2024-03-27,1498.05,480.1,1543.55,1248.1,4938.4,2388.05,3984.55,5502.45,5482.65,1486.4,8774.1
2024-03-31,1495.45,484.95,1556.7,1244.55,4882.6,2461.75,3996.65,5484.05,5602.5,1488.75,8949.65
2024-04-01,1482.85,481.2,1528.3,1236.8,4900.75,2468.45,3970.25,5556.25,5582.5,1511.5,8826.2
2024-04-02,1480.65,483.2,1535.85,1255.15,4869.3,2484.2,3972.9,5662.6,5756.7,1505.65,8838.3
2024-04-03,1486.7,487.4,1539.65,1279.25,4935.2,2514.4,4029.5,5819.45,5829.0,1510.15,8794.05
2024-04-04,1479.1,485.05,1545.25,1263.4,4927.5,2510.6,3996.75,5782.9,5806.45,1511.5,8775.45
2024-04-07,1476.7,479.9,1540.05,1265.15,4897.4,2454.2,3903.8,5682.2,5701.45,1493.55,8563.1
2024-04-08,1494.85,475.8,1540.05,1251.4,4892.65,2457.3,3956.85,5711.65,5631.7,1497.5,8390.4
2024-04-09,1506.8,477.3,1539.15,1266.3,4918.35,2445.2,3958.75,5702.45,5647.85,1490.3,8330.65
2024-04-11,1484.75,470.75,1521.5,1242.1,4888.9,2446.15,3977.95,5616.25,5650.85,1474.75,8204.2
2024-04-14,1468.15,459.35,1505.05,1218.75,4815.15,2394.3,3952.75,5396.2,5462.55,1428.3,8057.55
2024-04-15,1414.45,448.35,1477.3,1195.8,4662.85,2308.0,3858.25,5209.9,5316.9,1410.75,7858.4
2024-04-17,1419.25,444.35,1466.85,1179.65,4697.15,2336.45,3843.9,5206.9,5277.6,1397.6,7725.95
2024-04-18,1411.25,452.75,1447.5,1193.65,4660.55,2280.3,3884.7,5118.15,5232.1,1409.3,7602.75
2024-04-21,1432.75,462.0,1465.9,1208.05,4676.2,2237.3,3508.5,5100.05,5187.45,1378.65,7538.5
2024-04-22,1442.4,462.1,1486.65,1200.25,4723.4,2243.55,3529.05,5217.15,5215.9,1373.7,7346.75
2024-04-23,1430.75,459.9,1479.25,1185.7,4726.8,2243.5,3466.4,5192.65,5245.2,1371.2,7358.8
2024-04-24,1438.45,461.0,1504.15,1190.3,4634.7,2229.3,3430.35,5210.5,5182.85,1373.95,7143.05
2024-04-25,1430.25,464.6,1473.85,1278.75,4788.05,2298.1,3397.45,5251.0,4778.1,1416.45,7490.6
2024-04-28,1434.75,462.95,1387.4,1288.3,4743.95,2340.85,3373.8,5184.2,4714.45,1508.5,7451.65
2024-04-29,1420.55,462.4,1366.6,1263.5,4706.4,2314.85,3368.6,5103.25,4640.15,1494.2,7598.65
2024-05-01,1414.45,457.4,1360.7,1266.9,4692.7,2319.4,3407.7,4985.7,4623.65,1512.2,7760.25
2024-05-02,1416.3,457.35,1348.05,1250.45,4651.95,2291.9,3366.85,4482.55,4574.0,1537.25,7780.7
2024-05-05,1425.9,458.65,1358.8,1262.25,4703.95,2299.15,3395.7,4413.05,4498.6,1513.6,7860.5
2024-05-06,1440.95,463.9,1330.95,1292.45,4699.4,2286.8,3361.9,4419.15,4504.9,1509.9,7667.65
2024-05-07,1427.3,463.2,1313.65,1287.0,4713.8,2279.7,3387.8,4409.55,4500.4,1499.25,7642.75
2024-05-08,1439.55,455.9,1320.05,1269.1,4658.0,2249.35,3357.55,4301.8,4401.9,1496.35,7560.15
2024-05-09,1424.9,451.85,1316.2,1264.4,4607.65,2231.2,3367.5,4465.3,4359.0,1463.9,7580.75
2024-05-12,1423.45,451.95,1312.9,1262.05,4593.55,2254.65,3396.9,4534.85,4413.8,1442.4,7751.8
2024-05-13,1424.7,456.35,1321.05,1275.5,4634.85,2302.05,3424.0,4559.35,4481.2,1497.45,7829.65
2024-05-14,1419.95,458.3,1332.9,1274.5,4649.3,2274.35,3481.45,4614.95,4456.65,1493.25,7780.35
2024-05-15,1453.35,464.45,1348.15,1307.95,4771.2,2370.95,3528.45,4680.95,4507.55,1529.4,7891.75
2024-05-16,1444.3,461.0,1333.2,1305.4,4764.3,2311.6,3540.15,4712.6,4454.5,1517.2,7786.0
2024-05-17,1443.65,462.55,1338.9,1305.65,4751.1,2322.3,3527.3,4729.6,4464.05,1510.0,7787.85
2024-05-20,1434.15,460.9,1341.9,1323.9,4730.75,2372.55,3513.9,4790.15,4482.85,1497.15,7669.35
2024-05-21,1454.8,461.3,1343.05,1330.4,4775.75,2367.55,3499.3,4910.35,4588.15,1506.35,7653.85
2024-05-22,1472.4,465.8,1353.55,1337.5,4831.3,2397.05,3568.4,5067.05,4617.65,1504.65,7627.6
2024-05-23,1465.1,463.65,1345.2,1321.75,4839.75,2390.95,3555.2,5105.45,4589.8,1551.55,7542.4
2024-05-26,1471.35,452.45,1353.3,1329.7,4892.05,2441.15,3736.7,5263.6,4602.25,1551.3,7597.55
2024-05-27,1467.05,456.05,1358.4,1315.1,4885.95,2400.4,3690.65,5146.25,4640.95,1504.05,7556.25
2024-05-28,1450.95,450.8,1353.1,1286.45,4880.8,2364.25,3649.85,5141.55,4668.15,1475.85,7552.9
2024-05-29,1427.45,436.95,1331.85,1240.85,4773.15,2312.8,3517.05,4997.05,4549.7,1469.4,7421.45
2024-05-30,1406.9,438.2,1324.1,1228.45,4701.9,2284.1,3410.5,4971.0,4490.8,1457.25,7454.95
2024-06-02,1405.9,444.1,1314.45,1245.35,4649.4,2289.95,3425.85,5016.6,4481.2,1444.2,7563.3
2024-06-03,1393.65,438.15,1303.55,1239.3,4630.65,2275.5,3351.85,4966.95,4417.9,1381.75,7290.75
2024-06-04,1430.1,451.5,1343.7,1266.9,4688.85,2362.1,3566.95,5129.1,4623.65,1442.7,7729.05
2024-06-05,1472.25,461.0,1397.5,1317.45,4800.25,2436.3,3694.35,5212.65,4682.5,1476.3,8171.85
2024-06-06,1533.6,484.55,1431.5,1377.6,4977.2,2471.95,3850.25,5431.1,4799.85,1524.7,8406.3
2024-06-09,1499.75,475.25,1418.75,1340.35,4903.45,2394.6,3745.5,5220.15,4799.15,1482.05,8406.25
2024-06-10,1495.75,476.05,1428.8,1349.45,4903.55,2391.9,3733.85,5175.85,4875.9,1478.5,8438.25
2024-06-11,1485.2,476.9,1438.75,1370.6,4951.1,2397.95,3770.5,5179.2,4886.4,1481.75,8742.85
2024-06-12,1493.95,482.6,1444.15,1388.95,5047.2,2456.5,3790.7,5273.25,4905.1,1487.4,9658.0
2024-06-13,1488.9,477.5,1431.05,1371.45,5032.55,2408.85,3772.8,5201.75,4845.8,1479.95,9510.7
2024-06-17,1498.2,491.85,1437.2,1371.35,5089.6,2417.35,3847.55,5273.1,4863.25,1510.75,9641.85
2024-06-18,1511.35,495.75,1445.85,1381.15,5019.85,2411.4,3842.55,5395.15,4864.55,1515.85,9833.35
2024-06-19,1515.4,490.4,1443.45,1393.1,5052.45,2420.95,3898.35,5315.95,4874.35,1552.6,9735.8
2024-06-20,1532.7,490.55,1447.85,1399.8,5125.45,2429.75,3944.45,5383.4,4888.65,1588.75,9738.9
2024-06-23,1527.15,490.55,1440.85,1401.7,5111.2,2394.2,3968.1,5351.65,4824.3,1609.5,9782.05
2024-06-24,1541.95,496.85,1447.95,1427.75,5123.85,2408.3,3974.2,5350.65,4834.85,1579.05,9727.05
2024-06-25,1540.7,495.2,1443.7,1413.05,5177.5,2419.45,3950.9,5325.35,4845.7,1592.65,9492.1
2024-06-26,1573.35,510.8,1454.9,1432.25,5377.05,2442.1,4031.6,5439.0,4894.55,1561.1,9854.8
2024-06-27,1566.75,514.85,1440.5,1430.35,5385.05,2456.55,4241.45,5458.8,4909.05,1634.75,9882.25
2024-06-30,1590.8,527.35,1468.85,1472.1,5447.5,2494.9,4496.15,5518.4,5041.55,1662.8,10194.25
2024-07-01,1621.05,538.2,1480.8,1472.15,5474.0,2506.15,4501.75,5653.75,5025.25,1663.6,10234.7
2024-07-02,1627.4,539.0,1481.0,1479.8,5466.4,2569.45,4593.4,5680.9,5038.35,1721.25,10431.25
2024-07-03,1650.65,530.7,1522.35,1459.15,5459.5,2583.2,4750.9,5898.7,5059.9,1741.65,10436.75
2024-07-04,1647.45,535.1,1519.4,1461.35,5421.7,2628.9,4771.25,5870.15,5125.4,1693.95,10425.45
2024-07-07,1661.65,541.2,1533.4,1467.6,5389.7,2609.55,4586.3,5855.45,5109.05,1682.95,10360.35
2024-07-08,1657.15,541.0,1531.1,1465.75,5377.15,2600.5,4637.75,5760.65,5073.4,1719.55,10368.9
2024-07-09,1648.25,535.55,1509.95,1463.35,5376.25,2550.0,4558.55,5669.1,5039.25,1701.2,10250.5
2024-07-10,1652.7,534.1,1511.9,1460.6,5407.6,2560.3,4618.1,5563.5,4942.85,1709.85,10151.95
2024-07-11,1711.75,560.15,1560.2,1505.05,5572.65,2690.7,4808.5,5977.65,5056.3,1865.55,10556.85
2024-07-14,1707.05,559.7,1569.6,1499.05,5478.15,2736.85,4794.5,5916.0,4990.5,1840.5,10922.75
2024-07-15,1726.05,559.7,1569.55,1516.2,5562.35,2799.45,4820.45,5896.9,4867.4,1868.7,11092.6
2024-07-17,1758.05,573.2,1594.55,1539.35,5756.9,2833.25,4896.15,5997.6,4849.95,1858.3,10941.95
2024-07-18,1792.95,557.2,1594.55,1491.4,5762.75,2873.55,4583.45,5983.75,4880.1,1819.7,10822.3
2024-07-21,1810.85,505.8,1577.1,1495.55,5718.35,2925.75,4759.0,6076.2,5001.2,1825.4,10804.05
2024-07-22,1836.9,500.55,1598.35,1493.4,5688.6,2937.15,4810.15,6179.35,5123.0,1794.5,10990.45
2024-07-23,1833.95,500.1,1583.7,1533.3,5665.15,2869.85,4818.5,6334.1,5169.95,1853.85,11108.4
2024-07-24,1824.85,506.85,1587.6,1530.0,5597.9,2844.6,4717.05,6321.7,5197.6,1773.95,11084.1
2024-07-25,1878.9,524.8,1635.35,1541.15,5788.45,3029.8,4772.95,6343.7,5214.05,1788.95,11093.65
2024-07-28,1871.1,524.4,1632.35,1525.35,5786.6,2931.6,4778.6,6313.45,5200.5,1799.5,11294.45
2024-07-29,1877.15,521.5,1630.25,1538.05,5672.5,2915.05,4776.6,6313.0,5199.25,1836.9,11104.8
2024-07-30,1868.25,522.0,1642.6,1554.4,5658.15,2892.5,4832.3,6305.5,5215.95,1842.6,11044.85
2024-07-31,1852.6,521.55,1640.55,1544.45,5678.9,2855.0,4796.45,6286.15,5122.5,1840.45,10910.9
2024-08-01,1821.2,502.15,1609.3,1507.7,5509.9,2775.3,4636.35,6080.0,5100.6,1823.95,10389.6
2024-08-04,1751.9,485.0,1562.4,1456.35,5390.1,2652.25,4536.6,5897.05,4873.5,1725.65,9882.6
2024-08-05,1751.1,489.5,1582.75,1483.4,5460.75,2639.05,4499.45,5896.0,4927.75,1691.95,9799.25
2024-08-06,1791.65,497.4,1594.6,1473.65,5567.5,2726.0,4676.15,6016.7,4962.0,1739.25,10038.6
2024-08-07,1743.15,487.3,1557.85,1466.45,5338.3,2645.5,4611.4,5845.1,4896.35,1708.3,10061.35
2024-08-08,1770.75,491.3,1589.95,1506.7,5373.55,2720.5,4699.05,5878.4,4896.9,1758.25,10564.1
2024-08-11,1797.4,489.05,1585.25,1512.5,5400.45,2702.9,4675.9,5874.55,4849.1,1803.45,10734.55
2024-08-12,1797.45,490.5,1592.65,1503.4,5384.9,2696.55,4712.55,5847.75,4823.45,1748.65,10732.0
2024-08-13,1823.25,495.15,1626.15,1524.4,5427.55,2718.85,4764.1,5870.3,4916.85,1787.55,10632.15
2024-08-15,1858.95,516.25,1668.25,1585.3,5563.75,2910.95,4857.15,6077.0,5207.55,1815.4,10898.45
2024-08-18,1864.8,519.75,1678.5,1594.65,5676.1,2977.7,4874.5,6059.65,5284.05,1834.45,10944.15
2024-08-19,1872.2,524.65,1686.75,1628.6,5707.8,3008.95,4935.15,6115.25,5376.2,1827.85,11056.7
2024-08-20,1872.7,526.35,1677.25,1604.65,5713.45,3036.95,4912.6,6090.35,5424.45,1830.35,11158.0
2024-08-21,1880.25,519.0,1676.15,1611.25,5704.4,3065.65,4959.75,6084.2,5488.3,1832.4,11106.05
2024-08-22,1862.1,512.4,1661.45,1598.4,5641.6,2997.65,4882.5,6022.25,5462.2,1826.5,10931.5
2024-08-25,1876.15,520.0,1719.45,1640.15,5739.95,3019.75,4993.4,6026.15,5513.05,1846.6,11007.45
2024-08-26,1900.1,517.15,1711.6,1624.6,5751.55,3034.0,4909.55,6080.9,5487.4,1856.85,10950.1
2024-08-27,1939.1,534.6,1719.45,1627.35,6127.55,3089.45,4997.95,6255.45,5678.6,1847.05,11020.5
2024-08-28,1933.35,538.7,1751.85,1647.35,6132.1,3103.45,5077.95,6282.25,5810.25,1857.85,10807.75
2024-08-29,1943.7,538.4,1753.25,1636.5,6156.05,3104.95,5170.85,6344.05,5716.1,1815.15,10988.7
2024-09-01,1964.5,532.45,1806.65,1646.65,6153.5,3102.5,5206.8,6340.6,5738.6,1766.3,10937.75
2024-09-02,1941.25,536.05,1790.45,1644.1,6145.7,3125.35,5290.65,6407.6,5747.7,1769.3,11455.25
2024-09-03,1922.45,519.15,1785.25,1645.3,6071.2,3088.7,5249.75,6331.1,5684.1,1749.7,11224.0
2024-09-04,1933.15,524.85,1790.55,1639.5,6149.3,3087.7,5264.65,6551.25,5674.85,1722.9,11267.1
2024-09-05,1901.85,520.6,1756.1,1623.25,6165.4,3051.5,5189.95,6624.65,5622.05,1730.3,10847.8
2024-09-08,1894.65,514.85,1746.75,1579.2,6146.6,2993.7,5168.75,6490.75,5582.1,1750.4,10922.45
2024-09-09,1912.3,525.75,1779.1,1607.4,6343.35,3080.4,5274.2,6807.0,5697.75,1756.35,11257.3
2024-09-10,1910.15,514.35,1778.75,1602.6,6299.3,3066.6,5290.05,6841.1,5675.5,1789.35,11362.65
2024-09-11,1950.45,530.05,1807.6,1643.25,6392.35,3098.05,5306.7,6876.5,5712.9,1838.05,11575.6
2024-09-12,1944.1,550.6,1812.8,1656.05,6416.2,3146.15,5359.9,7013.75,5777.5,1826.05,12261.9
2024-09-15,1950.25,551.9,1811.85,1649.0,6423.45,3125.75,5301.0,6989.3,5707.6,1757.85,12239.1
2024-09-16,1952.55,551.9,1813.75,1651.55,6455.75,3177.8,5355.95,6998.55,5663.4,1741.15,12280.45
2024-09-17,1892.15,538.15,1756.5,1605.4,6366.3,3004.4,5179.7,6860.75,5478.05,1727.25,11259.5
2024-09-18,1894.2,533.35,1736.5,1595.35,6377.15,2978.25,5283.55,6915.6,5502.45,1676.45,11043.95
2024-09-19,1905.75,539.1,1760.05,1622.05,6373.1,3028.35,5355.05,6945.35,5472.95,1662.0,11371.6
2024-09-22,1896.45,534.9,1752.8,1607.15,6326.1,3042.4,5329.5,6885.3,5490.75,1692.9,11430.9
2024-09-23,1898.6,539.55,1775.6,1637.1,6344.1,3072.15,5389.0,6998.0,5501.35,1660.9,11630.0
2024-09-24,1895.3,536.2,1782.4,1602.75,6102.55,3018.5,5323.1,6906.8,5435.05,1654.75,11187.9
2024-09-25,1900.25,541.9,1783.85,1606.95,6164.05,3053.7,5426.45,6874.25,5459.95,1682.45,11279.65
2024-09-26,1906.75,541.8,1808.4,1609.25,6136.1,3082.6,5437.0,6935.35,5356.55,1671.0,11392.8
2024-09-29,1875.6,541.45,1796.1,1577.2,6244.35,3010.4,5450.4,7016.45,5344.25,1628.0,11458.7
2024-09-30,1904.35,546.75,1816.5,1625.4,6273.45,3015.6,5487.75,7126.45,5345.65,1672.5,11442.65
2024-10-02,1893.4,530.15,1778.55,1604.05,6183.85,2921.0,5250.25,7060.15,5099.95,1676.05,11173.75
2024-10-03,1918.15,533.55,1776.6,1616.45,6114.1,2846.6,5141.3,7125.55,5071.6,1691.25,10951.2
2024-10-06,1934.3,531.45,1776.95,1618.55,6254.95,2874.45,5230.15,7208.05,5145.8,1705.95,10944.4
2024-10-07,1948.55,526.95,1789.45,1629.1,6376.8,2901.1,5308.65,7321.95,5144.7,1714.0,11199.1
2024-10-08,1952.75,531.15,1809.7,1658.8,6440.55,2899.15,5334.1,7377.35,5218.2,1741.55,11653.05
2024-10-09,1919.0,525.0,1808.65,1619.7,6346.05,2854.05,5241.1,7281.5,5196.5,1731.75,11466.65
2024-10-10,1935.1,528.3,1839.65,1647.05,6410.95,2876.35,5469.55,7380.6,5234.2,1789.05,11556.4
2024-10-13,1958.9,549.55,1855.9,1692.5,6448.55,2962.6,5616.7,7432.1,5278.5,1791.7,11731.45
2024-10-14,1959.3,532.95,1870.1,1675.35,6460.8,2929.8,5630.9,7469.95,5318.6,1790.25,11817.3
2024-10-15,1920.1,532.15,1865.25,1660.3,6359.35,2911.35,5543.85,7204.25,5356.9,1761.45,11571.95
2024-10-16,1968.1,528.75,1867.8,1699.0,6394.45,3080.2,5536.0,7257.25,5242.5,1792.2,11502.45
2024-10-17,1879.6,548.65,1857.7,1687.9,5991.7,3095.75,5506.15,7210.4,5132.1,1786.35,11583.6
2024-10-20,1852.75,548.1,1843.6,1701.2,5943.1,2985.5,5247.65,6825.25,5255.8,1726.05,11196.5
2024-10-21,1851.6,545.45,1822.75,1696.55,5876.65,2977.65,5158.2,6800.25,5163.25,1689.9,10890.55
2024-10-22,1873.4,547.2,1845.75,1735.95,5935.05,3119.85,5718.75,7557.8,5316.55,1634.55,11214.15
2024-10-23,1863.35,546.9,1844.9,1735.75,5970.35,3098.75,5691.2,7699.05,5284.5,1410.85,10682.4
2024-10-24,1862.05,543.45,1852.35,1716.45,5903.2,3041.05,5670.9,7739.85,5170.3,1373.6,10888.05
2024-10-27,1865.35,558.6,1871.75,1702.55,5889.8,3012.85,5666.5,7705.35,5150.1,1386.25,10990.3
2024-10-28,1839.3,562.2,1871.75,1698.5,5852.25,3022.5,5670.5,7753.75,5201.5,1368.75,10990.4
2024-10-29,1802.1,565.25,1838.8,1684.95,5795.15,3007.0,5617.85,7742.4,5156.3,1385.3,11267.0
2024-10-30,1757.25,551.8,1766.05,1608.65,5710.85,2879.55,5372.5,7624.1,4945.85,1393.25,10886.5
2024-10-31,1760.85,551.35,1757.4,1603.65,5731.6,2894.15,5389.0,7552.7,4958.6,1424.25,10822.35
2024-11-03,1763.65,540.8,1762.95,1638.4,5737.15,2870.15,5358.5,7543.25,4963.65,1403.6,10842.8
2024-11-04,1754.2,543.7,1773.55,1632.65,5719.85,2857.7,5420.2,7546.5,4962.4,1390.0,10938.35
2024-11-05,1823.7,563.9,1838.4,1693.55,5990.15,2896.4,5717.65,7829.5,5198.7,1488.05,11561.0
2024-11-06,1803.05,563.4,1831.95,1651.0,5886.0,2839.15,5737.4,7853.35,5143.1,1441.55,11423.3
2024-11-07,1829.95,569.0,1837.5,1681.35,5926.95,2858.35,5668.7,7953.8,5100.95,1422.35,11518.15
2024-11-10,1860.1,573.5,1867.3,1704.15,5974.6,2861.5,5721.65,8066.9,5111.05,1407.45,11932.8
2024-11-11,1868.8,570.65,1872.85,1687.0,6005.05,2853.45,5680.15,8099.25,5278.85,1390.4,11855.75
2024-11-12,1868.4,569.0,1864.75,1675.6,5947.55,2845.35,5640.6,8056.2,5174.75,1357.95,11762.15
2024-11-13,1864.55,566.7,1858.95,1687.5,5994.65,2839.3,5713.8,8074.0,5170.0,1356.95,11768.55
2024-11-17,1811.45,552.85,1835.0,1660.8,5841.5,2758.15,5646.1,8006.6,5104.3,1325.75,11272.25
2024-11-18,1824.75,562.0,1820.55,1699.65,5885.95,2789.25,5710.3,8116.5,5132.95,1305.2,11169.05
2024-11-20,1834.05,557.15,1836.35,1702.25,5931.05,2786.2,5725.5,8210.1,5165.7,1290.2,11141.9
2024-11-21,1902.25,571.65,1898.4,1747.45,6133.7,2883.55,5796.25,8327.5,5307.0,1308.45,11516.4
2024-11-24,1889.7,582.45,1891.7,1732.6,6115.25,2982.4,5917.7,8611.6,5458.15,1366.2,11958.25
2024-11-25,1924.15,589.0,1899.55,1745.4,6227.15,2999.1,5968.95,8616.55,5489.7,1391.35,11742.4
2024-11-26,1924.5,582.9,1891.05,1756.8,6261.7,3017.0,5910.9,8672.9,5431.2,1413.25,11868.75
2024-11-27,1856.65,572.2,1840.9,1713.35,6159.75,2957.6,5820.65,8661.05,5249.65,1411.1,11658.1
2024-11-28,1857.85,577.85,1848.05,1712.3,6172.4,2974.55,5905.65,8685.85,5285.2,1368.8,11696.45
2024-12-01,1879.8,584.55,1871.5,1745.95,6213.35,3050.0,5932.4,8710.7,5276.9,1341.25,12266.5
2024-12-02,1892.1,291.65,1890.75,1749.5,6167.0,3018.95,6041.3,8718.25,5316.55,1430.7,12524.85
2024-12-03,1889.25,294.0,1897.65,1759.6,6221.5,3017.7,6011.35,8765.9,5300.85,1457.15,12417.6
2024-12-04,1934.85,299.3,1924.0,1786.95,6347.15,3051.3,6101.75,8817.8,5336.4,1493.1,12440.9
2024-12-05,1922.4,297.35,1922.7,1782.8,6378.9,3053.95,6174.25,8901.45,5318.75,1481.1,12579.5
2024-12-08,1923.65,303.75,1909.9,1777.85,6389.05,3104.6,6234.25,8918.6,5348.9,1534.1,12585.0
2024-12-09,1948.55,308.1,1936.35,1763.55,6579.3,3181.8,6345.35,9008.55,5368.95,1538.8,12245.25
2024-12-10,1974.15,309.0,1930.9,1762.8,6598.6,3184.55,6359.75,8996.2,5370.1,1548.85,12246.9
2024-12-11,1987.0,309.1,1936.2,1789.6,6667.65,3190.35,6435.95,9195.95,5422.8,1541.2,12095.35
2024-12-12,1999.7,309.95,1968.8,1796.4,6714.45,3195.4,6477.65,9300.75,5397.0,1533.1,12283.8
2024-12-15,1980.05,309.2,1954.4,1775.55,6738.45,3197.3,6508.6,9284.7,5360.6,1534.35,12456.0
2024-12-16,1976.6,308.85,1950.6,1770.75,6696.95,3181.2,6549.35,9402.95,5232.4,1511.25,12430.05
2024-12-17,1979.15,312.6,1960.35,1778.9,6574.05,3176.55,6548.25,9471.35,5175.05,1520.65,12376.5
2024-12-18,1946.2,312.75,1934.25,1754.35,6220.6,3117.1,6674.2,9657.1,5094.05,1513.15,12830.4
2024-12-19,1922.15,305.2,1911.35,1686.05,5824.3,2950.6,6368.7,9370.45,4828.5,1451.25,12247.55
2024-12-22,1924.3,307.9,1903.0,1712.4,5730.45,2977.65,6403.15,9406.35,4745.05,1415.55,12269.55
2024-12-23,1909.05,305.3,1896.95,1704.9,5725.7,2930.65,6350.9,9393.7,4729.55,1433.3,12299.5
2024-12-25,1907.4,305.05,1900.75,1698.7,5752.35,2908.45,6395.8,9493.25,4668.05,1452.2,12279.6
2024-12-26,1916.75,309.1,1892.0,1711.65,5678.0,2883.95,6393.6,9451.1,4692.3,1460.6,12646.6
2024-12-29,1906.0,303.7,1928.95,1740.85,5643.5,2935.25,6637.7,9817.95,4754.5,1470.15,12945.45
2024-12-30,1880.0,301.85,1917.4,1706.2,5585.9,2847.2,6457.7,9662.95,4737.4,1464.7,12789.45
2024-12-31,1882.5,300.3,1911.95,1703.85,5673.35,2854.9,6436.8,9628.55,4698.1,1493.1,12630.4
2025-01-01,1957.85,303.8,1972.2,1726.95,5753.05,2898.7,6481.15,9696.65,4795.95,1484.55,12648.35
2025-01-02,1938.75,294.45,1946.65,1689.45,5733.4,2869.25,6405.95,9669.65,4795.5,1449.95,12518.05
2025-01-05,1937.85,294.3,1953.05,1686.3,5731.35,2897.65,6311.15,9631.75,4763.7,1451.7,12001.15
2025-01-06,1930.85,294.05,1915.9,1671.15,5756.95,2926.2,6334.3,9620.2,4876.75,1473.6,12146.85
2025-01-07,1933.15,297.55,1932.25,1663.75,5881.85,2924.85,6230.2,9558.0,4906.5,1428.3,11979.85
2025-01-08,1917.3,292.3,1934.8,1642.8,5840.7,2871.95,6179.35,9283.0,4879.35,1430.15,11727.05
2025-01-09,1966.95,300.55,1995.1,1705.6,6124.4,2915.0,6319.65,9404.15,4935.65,1369.65,11451.35
2025-01-12,1962.2,291.85,1989.4,1659.65,6030.75,2777.5,6003.4,8705.55,4853.1,1310.2,10846.85
2025-01-13,1940.05,292.85,1813.55,1647.5,5751.9,2780.25,5880.1,8592.4,4706.55,1323.95,10747.1
2025-01-14,1949.65,292.65,1825.7,1675.95,5837.55,2779.75,6111.25,8583.35,4851.75,1342.1,10550.35
2025-01-15,1928.45,288.05,1792.25,1687.65,5978.8,2821.4,6071.6,8731.35,5244.4,1319.85,10189.85
2025-01-16,1815.45,281.95,1788.9,1660.3,5890.3,2817.2,5961.2,8641.55,5373.95,1314.65,10027.15
2025-01-19,1813.3,300.25,1796.2,1674.6,5825.3,2805.25,6090.9,8662.1,5373.3,1334.1,10017.5
2025-01-20,1800.7,298.35,1802.4,1640.5,5758.4,2773.55,5896.7,8261.1,5380.4,1312.3,9765.9
2025-01-21,1856.45,309.1,1827.7,1683.95,5849.9,2808.95,5683.15,8228.2,5382.95,1295.2,9593.2
2025-01-22,1868.6,317.7,1807.0,1713.4,6002.05,2918.95,6287.7,9219.05,5453.15,1347.6,10056.7
2025-01-23,1875.45,320.1,1792.85,1723.05,5998.15,3009.3,6360.65,9234.6,5431.0,1322.9,9805.65
2025-01-26,1822.0,307.95,1711.95,1653.9,5685.7,2937.1,6061.25,8801.7,5258.6,1301.5,9299.0
2025-01-27,1829.75,303.6,1693.25,1648.35,5665.4,2883.75,5910.3,8498.8,5121.05,1259.1,9246.5
2025-01-28,1881.25,312.45,1719.0,1681.15,5882.75,3009.25,6275.95,8746.55,5341.0,1370.05,9536.5
2025-01-29,1859.95,309.0,1713.1,1670.1,5840.25,2867.6,6056.7,8327.35,5410.65,1432.95,8994.6
2025-01-30,1879.8,311.9,1725.45,1674.45,5914.15,2867.95,6032.6,8263.85,5449.35,1409.2,9122.05
2025-01-31,1851.35,304.8,1694.0,1646.4,5906.3,2798.5,5933.55,8076.35,5418.6,1416.45,8893.25
2025-02-02,1863.3,313.6,1692.0,1654.7,5790.65,2817.75,6076.75,8344.1,5500.85,1413.6,9208.6
2025-02-03,1898.8,316.25,1732.55,1659.05,5902.25,2805.45,6111.9,8459.05,5530.55,1419.8,9223.6
2025-02-04,1897.05,317.1,1712.85,1661.0,6024.7,2841.9,6189.45,8502.15,5615.45,1431.35,9312.15
2025-02-05,1915.65,317.95,1723.5,1669.6,5944.85,2825.65,6228.6,8521.35,5528.65,1434.55,9273.65
2025-02-06,1903.65,318.0,1725.65,1692.1,5956.6,2868.5,6254.1,8535.85,5597.8,1447.8,9452.7
2025-02-09,1880.3,319.05,1733.85,1699.05,5797.9,2786.95,5993.9,8414.45,5507.25,1437.95,9288.2
2025-02-10,1875.65,313.0,1723.2,1669.1,5677.7,2713.6,5828.35,8096.75,5279.4,1380.35,9135.0
2025-02-11,1863.15,310.2,1717.3,1680.2,5705.5,2666.6,5705.2,8004.4,5108.2,1353.15,9044.3
2025-02-12,1843.25,308.55,1703.1,1675.3,5601.45,2601.95,5663.3,7875.45,5023.7,1340.35,9002.65
2025-02-13,1856.4,308.1,1711.25,1659.1,5511.6,2554.25,5562.7,7793.35,4958.35,1342.65,8962.95
2025-02-16,1842.3,305.35,1709.9,1664.95,5472.6,2591.35,5531.3,7683.95,4816.9,1310.4,8797.15
2025-02-17,1851.95,312.2,1725.5,1705.0,5668.6,2578.95,5797.25,7692.25,4929.6,1329.45,8756.7
2025-02-18,1810.8,314.1,1712.3,1685.8,5470.1,2611.25,5899.8,7774.65,4872.05,1336.25,8793.4
2025-02-19,1825.15,313.3,1687.55,1657.85,5395.25,2637.25,5917.9,7793.35,4915.4,1342.05,8679.8
2025-02-20,1815.0,306.35,1700.7,1649.5,5298.5,2567.55,5710.3,7496.2,5123.1,1310.1,8405.0
2025-02-23,1764.1,295.05,1644.05,1613.7,5047.45,2487.9,5639.8,7628.4,4885.6,1281.7,8333.25
2025-02-24,1767.7,291.3,1636.1,1593.95,4963.2,2452.9,5508.1,7633.75,4727.85,1285.5,8208.9
2025-02-26,1764.3,294.5,1629.2,1588.25,4878.6,2376.4,5473.25,7489.0,4645.65,1251.95,8082.25
2025-02-27,1687.7,277.65,1575.05,1487.85,4665.95,2247.25,5303.9,7362.15,4533.2,1197.4,7763.9
2025-03-02,1708.6,283.55,1572.4,1493.05,4834.2,2265.4,5292.55,7357.05,4561.8,1205.05,7836.8
2025-03-03,1688.3,280.0,1535.5,1488.25,4685.0,2246.6,5153.0,7212.4,4566.5,1214.65,7634.45
2025-03-04,1711.5,285.1,1572.95,1538.1,4773.5,2307.85,5391.1,7814.2,4754.4,1281.75,7920.45
2025-03-05,1715.85,285.9,1585.45,1503.45,4823.1,2343.0,5303.25,7625.15,4858.2,1326.8,7824.9
2025-03-06,1686.0,284.8,1557.95,1492.35,4721.95,2302.25,5278.8,7707.25,4822.0,1305.4,7569.1
2025-03-09,1701.45,280.9,1549.3,1486.85,4670.95,2265.0,5167.0,7534.55,4653.55,1254.0,7388.3
2025-03-10,1661.6,277.75,1567.85,1479.2,4654.45,2277.85,5239.95,7632.1,4642.75,1268.9,7532.6
2025-03-11,1574.0,268.55,1540.6,1438.3,4485.9,2225.05,5185.2,7400.3,4390.65,1233.9,7296.2
2025-03-12,1579.85,264.0,1534.75,1440.65,4467.05,2205.15,5125.75,7292.25,4378.2,1206.45,7328.0
2025-03-16,1590.05,259.85,1545.15,1440.1,4359.8,2200.2,5167.3,7365.05,4450.7,1250.25,7481.7
2025-03-17,1609.35,261.25,1558.2,1430.65,4445.55,2293.4,5309.3,7566.0,4609.4,1242.75,7584.55
2025-03-18,1586.55,265.7,1544.45,1396.15,4365.45,2285.85,5280.6,7550.45,4647.2,1263.1,7674.85
2025-03-19,1615.55,268.0,1562.0,1410.55,4421.15,2305.85,5194.05,7578.3,4654.65,1281.6,7578.8
2025-03-20,1592.55,264.3,1566.7,1409.25,4520.25,2429.95,5275.55,7746.8,4670.4,1323.4,7644.4
2025-03-23,1592.75,269.4,1604.15,1458.65,4620.4,2482.95,5421.3,7769.55,4578.9,1384.55,7961.15
2025-03-24,1628.45,271.0,1624.9,1455.5,4606.4,2534.4,5558.3,7958.2,4625.05,1342.85,7963.95
2025-03-25,1599.45,267.4,1633.4,1416.3,4619.75,2515.15,5517.0,8027.2,4517.8,1366.65,7889.05
2025-03-26,1603.55,272.2,1630.15,1423.9,4655.9,2528.2,5641.45,8107.6,4447.75,1334.15,7866.25
2025-03-27,1570.65,262.25,1592.5,1418.25,4491.35,2500.2,5513.75,8109.2,4501.7,1307.45,7850.9
2025-03-31,1526.5,262.6,1530.35,1395.15,4426.6,2446.75,5211.55,7780.8,4563.1,1270.6,7585.35
2025-04-01,1550.15,263.6,1527.55,1423.05,4499.9,2474.4,5317.5,7761.55,4635.75,1311.95,7766.85
2025-04-02,1496.5,256.35,1470.1,1369.35,4341.95,2374.05,4793.35,7157.4,4458.5,1211.1,7581.3
2025-04-03,1451.65,246.3,1422.1,1320.95,4136.25,2229.2,4609.95,6607.9,4274.2,1134.0,7521.55
2025-04-06,1396.75,242.9,1374.1,1288.0,4057.15,2102.2,4573.55,6340.7,4083.6,1065.3,7294.15
2025-04-07,1428.8,247.25,1403.35,1314.4,4175.85,2168.9,4595.3,6472.6,4102.15,1113.2,7545.95
2025-04-08,1403.7,236.65,1380.0,1272.75,4107.85,2117.6,4402.75,6323.65,4089.55,1078.35,7401.1
2025-04-10,1409.45,239.75,1390.55,1282.25,4240.8,2160.55,4544.6,6316.65,4132.25,1118.95,7579.85
2025-04-14,1426.0,244.0,1426.5,1301.7,4317.6,2269.7,4716.0,6466.0,4354.0,1151.8,7796.0
2025-04-15,1413.1,247.65,1431.7,1308.7,4276.3,2267.1,4705.5,6408.0,4235.8,1149.2,7882.5
2025-04-16,1419.5,236.9,1438.0,1306.8,4191.9,2273.7,4836.0,6600.0,4234.5,1136.2,7950.0
2025-04-20,1451.0,238.45,1482.0,1373.5,4297.4,2380.7,4900.5,6938.0,4365.5,1166.1,8132.5
2025-04-21,1422.8,234.15,1479.9,1376.5,4320.4,2401.8,4961.0,6956.0,4401.3,1165.6,8183.0
2025-04-22,1474.9,243.6,1594.0,1439.6,4536.7,2507.3,5163.5,7392.0,4451.4,1228.9,8617.5
2025-04-23,1471.4,242.75,1586.7,1445.2,4533.8,2468.1,5156.5,7251.0,4477.9,1213.6,8765.5
2025-04-24,1480.2,240.9,1578.2,1462.0,4498.3,2538.6,5273.5,7390.0,4256.1,1221.0,8604.0
2025-04-27,1482.1,240.5,1549.3,1461.5,4486.7,2503.4,5287.0,7377.5,4185.6,1231.2,8755.0
2025-04-28,1497.5,241.4,1569.0,1495.3,4598.1,2511.9,5404.0,7485.0,4185.2,1264.8,8837.5
2025-04-29,1500.1,241.5,1567.5,1503.0,4586.5,2469.0,5321.5,7305.0,4257.1,1253.6,8721.5
2025-05-01,1506.8,242.87,1576.5,1496.3,4579.9,2460.7,5425.5,7382.0,4193.8,1233.4,8693.5
2025-05-04,1508.6,243.57,1568.6,1494.6,4621.2,2456.1,5533.0,7496.5,4213.0,1258.6,8634.5
2025-05-05,1511.5,241.19,1579.1,1496.2,4536.6,2357.7,5425.0,7426.0,4094.0,1241.4,8384.0
2025-05-06,1508.3,244.04,1563.3,1495.2,4559.1,2402.2,5504.0,7600.0,4084.2,1283.0,8531.5
2025-05-07,1511.4,241.57,1580.7,1502.8,4600.2,2374.9,5469.5,7754.5,4087.8,1273.2,8156.0
2025-05-08,1507.6,242.01,1569.4,1493.7,4621.6,2387.3,5443.0,7681.0,4111.6,1244.2,7993.5
2025-05-11,1626.9,257.28,1670.3,1573.1,4940.4,2532.4,5876.5,8311.5,4448.9,1325.1,8714.0
2025-05-12,1568.6,251.57,1619.6,1572.5,4919.5,2490.6,5761.0,8266.5,4367.2,1346.1,8478.0
2025-05-13,1592.4,252.94,1637.7,1603.2,5034.2,2571.6,5758.5,8463.5,4407.1,1351.5,8504.0
2025-05-14,1613.0,256.57,1696.0,1629.1,5033.9,2624.3,5653.5,8461.0,4493.4,1393.2,8551.0
2025-05-15,1589.9,254.31,1659.9,1617.0,5047.8,2600.4,5699.0,8426.0,4474.2,1364.8,8696.5
2025-05-18,1559.8,251.75,1649.6,1597.8,5020.1,2534.5,5669.5,8275.5,4525.2,1345.6,8621.0
2025-05-19,1560.6,249.71,1638.3,1576.0,5015.4,2532.4,5647.0,8205.5,4470.5,1317.7,8436.5
2025-05-20,1568.5,250.92,1652.0,1598.2,5033.8,2557.6,5670.0,8266.0,4451.4,1331.6,8383.5
2025-05-21,1547.5,245.94,1633.0,1565.6,5023.2,2543.7,5582.5,8262.0,4458.0,1320.2,8294.0
2025-05-22,1564.8,247.36,1648.2,1580.3,5045.8,2541.4,5662.0,8321.5,4482.5,1329.0,8366.5
2025-05-25,1580.5,250.24,1673.6,1601.4,5111.6,2546.0,5691.0,8455.5,4510.3,1335.5,8451.5
2025-05-26,1570.1,248.25,1652.1,1592.4,5107.7,2537.8,5645.5,8459.5,4446.0,1329.8,8402.5
2025-05-27,1571.8,247.43,1657.3,1580.3,5099.3,2531.5,5584.0,8467.0,4391.7,1331.7,8516.0
2025-05-28,1585.6,250.14,1664.7,1600.0,5128.2,2566.4,5670.0,8630.5,4420.3,1346.3,8499.5
2025-05-29,1562.7,249.67,1636.6,1573.9,5068.9,2558.8,5638.0,8550.5,4367.6,1337.8,8462.5
2025-06-01,1553.8,247.68,1631.5,1549.1,5072.5,2491.1,5519.0,8585.5,4358.6,1331.6,8396.5
2025-06-02,1543.0,246.22,1630.4,1543.8,5061.0,2501.4,5485.0,8499.0,4321.2,1321.1,8369.5
2025-06-03,1551.2,246.86,1626.1,1556.7,5153.0,2503.3,5504.0,1724.5,4356.9,1318.3,8665.5
2025-06-04,1554.3,247.94,1632.4,1562.8,5181.5,2529.8,5623.0,1766.0,4325.3,1320.5,8740.0
2025-06-05,1563.8,248.59,1637.7,1571.1,5204.0,2545.2,5676.5,1775.5,4299.2,1318.7,8786.0
2025-06-08,1572.9,251.29,1648.3,1579.1,5258.0,2603.0,5790.5,1794.0,4337.4,1353.4,9161.5
2025-06-09,1596.0,254.87,1668.1,1610.9,5385.0,2671.4,5946.0,1830.5,4487.3,1369.7,9492.0
2025-06-10,1631.1,258.99,1721.9,1637.5,5394.0,2679.9,5965.5,1816.5,4584.9,1382.0,9429.5
2025-06-11,1608.6,259.61,1701.2,1644.4,5415.0,2664.3,5922.0,1784.5,4529.3,1361.3,9407.0
2025-06-12,1602.0,260.21,1695.3,1659.0,5429.0,2644.2,5882.5,1792.5,4445.9,1352.5,9478.5
2025-06-15,1623.8,262.89,1723.0,1693.9,5449.5,2707.4,6019.0,1829.5,4518.0,1405.8,9683.0
2025-06-16,1639.9,262.91,1729.6,1718.6,5514.5,2693.4,6068.0,1840.5,4437.3,1400.6,9732.5
2025-06-17,1632.9,261.59,1715.9,1710.7,5450.5,2687.4,6025.5,1833.5,4413.2,1421.8,9656.0
2025-06-18,1618.4,265.58,1713.9,1684.0,5368.0,2648.3,5898.5,1794.0,4306.8,1393.0,9327.0
2025-06-19,1622.9,266.54,1739.9,1696.1,5376.5,2696.1,6106.5,1832.0,4379.5,1394.5,9395.5
2025-06-22,1584.0,263.24,1703.2,1681.8,5327.5,2673.2,6080.0,1831.0,4338.6,1390.3,9160.0
2025-06-23,1581.6,264.97,1691.8,1677.1,5336.5,2682.8,6082.5,1862.0,4331.5,1306.1,9157.0
2025-06-24,1614.9,269.41,1717.1,1705.0,5436.0,2752.6,6108.5,1880.0,4360.4,1295.4,9177.5
2025-06-25,1616.0,268.52,1724.1,1690.2,5373.0,2802.5,6055.5,1888.0,4319.2,1275.9,9074.5
2025-06-26,1608.0,265.05,1723.3,1674.4,5293.0,2800.0,6010.5,1899.5,4385.6,1267.1,8991.0
2025-06-29,1601.8,265.98,1728.6,1687.0,5317.0,2845.4,6041.5,1924.5,4402.1,1258.7,8986.0
2025-06-30,1606.8,264.55,1718.3,1671.2,5304.0,2881.5,6038.5,1922.5,4354.2,1247.3,8957.5
2025-07-01,1610.5,267.0,1718.6,1677.1,5304.5,2888.5,6014.5,1926.1,4323.8,1241.6,8942.5
2025-07-02,1618.7,267.05,1711.9,1671.9,5324.5,2882.8,5950.5,1938.3,4331.6,1261.6,9030.0
2025-07-03,1640.7,270.05,1725.9,1655.2,5316.0,2924.2,5896.0,1950.6,4383.6,1263.8,9109.0
2025-07-06,1627.0,267.75,1710.4,1623.9,5350.0,2874.6,5840.5,1941.7,4378.0,1268.8,9005.0
2025-07-07,1638.7,269.65,1708.1,1635.4,5369.0,2909.6,5784.0,1949.6,4336.0,1271.3,9006.5
2025-07-08,1633.7,267.8,1674.0,1614.8,5329.5,2863.9,5724.0,1931.3,4314.4,1259.6,8938.5
2025-07-09,1615.8,265.05,1663.7,1600.1,5320.0,2861.1,5680.5,1887.7,4349.2,1253.2,8777.0
2025-07-10,1594.9,258.3,1638.3,1602.5,5206.0,2838.8,5578.5,1867.8,4410.5,1268.4,8636.0
2025-07-13,1570.3,254.25,1638.3,1576.7,5206.0,2829.5,5605.0,1875.0,4343.2,1267.2,8733.5
2025-07-14,1585.6,257.4,1566.4,1579.0,5250.5,2884.8,5581.5,1893.9,4350.5,1291.9,8775.0
2025-07-15,1607.9,262.8,1562.8,1607.9,5327.0,2876.8,5592.5,1882.4,4346.8,1286.4,8814.5
2025-07-16,1583.5,260.6,1543.9,1563.7,5194.5,2844.0,5494.5,1865.3,4411.6,1282.1,8745.0
2025-07-17,1586.1,266.95,1548.8,1548.9,5124.0,2832.7,5547.5,1859.3,4401.9,1273.8,8790.5
2025-07-20,1584.3,260.35,1530.4,1543.8,5154.0,2802.9,5779.0,1874.3,4368.2,1264.6,8821.0
2025-07-21,1570.9,259.7,1520.1,1547.2,5175.5,2777.2,5713.5,1858.4,4321.8,1256.0,8707.5
2025-07-22,1574.5,261.4,1529.8,1546.6,5298.0,2736.4,5605.5,1849.7,4312.8,1274.1,8779.0
2025-07-23,1552.5,261.85,1507.2,1498.6,5206.0,2653.5,5174.0,1676.0,4300.2,1253.0,8939.0
2025-07-24,1515.7,259.2,1490.1,1461.9,5096.0,2625.0,5150.5,1688.8,4220.8,1227.2,8609.0
2025-07-27,1516.0,250.05,1466.1,1450.6,5047.0,2703.8,5149.5,1724.7,4242.1,1192.8,8681.0
2025-07-28,1513.7,251.8,1472.4,1453.8,5056.5,2774.3,5176.5,1720.5,4287.2,1218.4,8664.5
2025-07-29,1519.0,250.2,1476.5,1463.2,5139.5,2806.6,5162.5,1749.5,4309.6,1268.5,8570.0
2025-07-30,1509.0,248.3,1467.9,1463.7,5106.0,2790.2,5160.5,1748.2,4308.2,1226.4,8475.0
2025-07-31,1469.6,242.75,1452.1,1438.8,5017.5,2757.4,5061.5,1706.3,4274.6,1206.5,8378.5
2025-08-03,1480.5,246.05,1474.4,1475.0,5089.0,2747.3,5177.5,1746.5,4266.1,1217.0,8569.5
2025-08-04,1460.3,245.91,1482.7,1485.4,5131.5,2705.2,5191.5,1706.7,4238.5,1210.3,8575.0
2025-08-05,1436.7,239.96,1463.2,1459.0,5035.5,2654.1,5047.0,1638.3,4258.0,1209.0,8517.0
2025-08-06,1436.9,242.32,1475.5,1482.0,5037.5,2702.7,5182.5,1704.1,4206.6,1209.5,8571.5
2025-08-07,1423.1,239.05,1475.7,1480.4,5012.0,2695.9,5105.5,1606.8,4180.6,1190.8,8424.0
2025-08-10,1428.2,241.62,1488.0,1481.1,5066.5,2672.2,5171.0,1613.9,4145.1,1199.1,8403.5
2025-08-11,1424.1,241.72,1499.1,1509.3,5107.0,2717.8,5232.5,1625.4,4188.8,1219.4,8513.5
2025-08-12,1426.6,241.65,1501.1,1506.3,5114.5,2695.2,5247.5,1621.7,4138.6,1216.0,8594.5
2025-08-13,1447.7,246.81,1489.8,1486.7,5108.0,2720.2,5289.0,1642.0,4153.8,1213.0,8586.5
2025-08-17,1435.8,245.21,1485.0,1471.2,5089.5,2698.1,5232.5,1655.5,4161.4,1208.5,8552.5
2025-08-18,1440.0,246.96,1476.1,1496.7,5111.0,2742.6,5236.5,1652.7,4173.2,1199.5,8597.0
2025-08-19,1496.2,250.84,1496.0,1524.1,5180.5,2835.5,5345.0,1708.4,4233.6,1214.6,8763.0
2025-08-20,1496.4,249.91,1493.5,1521.3,5235.0,2854.4,5347.5,1728.2,4289.5,1214.1,8699.0
2025-08-21,1487.5,248.64,1466.3,1505.0,5224.5,2848.6,5369.0,1747.7,4274.2,1196.6,8624.0
2025-08-24,1532.1,253.84,1504.2,1527.1,5293.0,2917.7,5450.0,1764.0,4376.7,1203.0,8750.5
2025-08-25,1529.6,252.03,1492.8,1502.2,5165.5,2873.2,5376.5,1739.3,4325.0,1200.1,8530.5
2025-08-27,1500.1,250.65,1449.8,1495.6,5123.0,2831.8,5313.5,1737.2,4226.3,1184.4,8370.5
2025-08-28,1469.6,249.41,1454.8,1481.4,5133.5,2788.0,5305.5,1724.3,4223.5,1190.5,8293.5
2025-08-31,1499.4,250.36,1468.4,1505.5,5197.0,2921.5,5420.0,1764.6,4244.0,1225.5,8472.5
2025-09-01,1498.7,250.93,1465.7,1512.8,5243.5,2902.6,5402.5,1754.6,4206.9,1206.1,8476.5
2025-09-02,1479.1,249.56,1466.1,1508.2,5191.0,2892.9,5367.0,1731.8,4195.4,1216.4,8412.5
2025-09-03,1463.0,244.97,1443.3,1500.4,5210.0,2861.2,5293.5,1692.5,4173.0,1224.9,8293.5
2025-09-04,1444.6,243.67,1419.0,1477.9,5195.5,2797.4,5132.0,1658.3,4120.6,1233.0,8280.0
2025-09-07,1432.9,242.52,1403.0,1460.7,5089.0,2787.1,5011.0,1662.4,4100.4,1230.9,8300.5
2025-09-08,1504.3,249.15,1427.1,1498.2,5185.5,2853.3,5131.0,1696.6,4097.6,1240.4,8413.0
2025-09-09,1532.6,255.75,1463.9,1526.0,5307.0,2968.4,5419.0,1768.6,4205.9,1288.5,9264.5
2025-09-10,1509.7,253.91,1467.7,1521.2,5291.5,2925.5,5407.5,1771.0,4206.2,1261.3,9137.5
2025-09-11,1525.6,251.94,1467.2,1525.5,5332.5,2904.2,5411.0,1764.0,4216.6,1252.9,8979.0
2025-09-14,1525.6,251.28,1466.5,1519.8,5341.5,2939.2,5363.5,1754.3,4191.2,1251.8,8970.5
2025-09-15,1505.0,252.5,1483.1,1531.5,5375.5,2950.7,5490.5,1779.6,4261.7,1248.2,9142.5
2025-09-16,1522.4,254.15,1481.5,1547.2,5423.0,2978.1,5535.5,1791.9,4288.0,1296.9,9125.0
2025-09-17,1540.6,256.93,1493.8,1550.7,5524.5,3000.6,5567.5,1824.5,4392.4,1301.4,9175.0
2025-09-18,1540.2,255.88,1467.4,1553.8,5509.5,2993.8,5506.0,1795.3,4345.4,1285.2,9018.0
2025-09-21,1499.5,250.33,1439.9,1505.4,5260.0,2852.4,5271.0,1716.9,4192.2,1262.4,9056.5
2025-09-22,1497.5,249.63,1429.8,1471.9,5262.5,2766.6,5240.5,1667.9,4190.0,1249.7,9104.0
2025-09-23,1494.6,244.59,1442.3,1452.4,5207.0,2740.9,5191.5,1623.2,4183.1,1240.6,9061.5
2025-09-24,1484.8,242.0,1423.8,1444.3,5214.0,2717.4,5102.5,1591.3,4120.8,1255.7,8909.0
2025-09-25,1448.9,235.75,1395.3,1407.7,5075.0,2642.4,4951.0,1538.5,4058.9,1212.8,8515.0
2025-09-28,1441.8,239.64,1387.4,1410.7,5158.0,2678.1,4870.5,1552.2,3987.1,1209.8,8453.5
2025-09-29,1441.8,239.37,1385.1,1400.3,5157.5,2654.8,4822.5,1591.0,4113.9,1097.7,8403.0
2025-09-30,1445.8,241.07,1389.5,1416.0,5123.0,2691.0,4955.4,1600.8,4186.7,1153.2,8724.0
2025-10-02,1446.6,240.98,1393.5,1400.6,5120.0,2736.9,5068.8,1613.1,4289.7,1157.7,8962.0
2025-10-05,1476.0,242.13,1417.7,1439.3,5274.0,2792.3,5189.3,1662.4,4300.8,1156.7,9093.5
2025-10-06,1458.5,243.53,1439.0,1438.9,5269.0,2817.7,5271.2,1686.5,4302.0,1170.5,9332.5
2025-10-07,1495.0,244.27,1453.2,1458.2,5342.5,2799.8,5263.6,1713.7,4231.5,1160.8,9189.5
2025-10-08,1509.3,246.4,1486.5,1466.6,5434.0,2807.2,5345.3,1720.1,4274.6,1162.4,9311.5
2025-10-09,1514.9,248.7,1495.5,1457.2,5471.5,2783.2,5357.7,1722.3,4317.1,1154.1,9213.0
2025-10-12,1493.2,245.13,1494.7,1450.9,5498.0,2750.2,5329.7,1716.0,4193.8,1155.0,9197.0
2025-10-13,1489.9,248.42,1495.4,1468.0,5469.0,2745.3,5337.9,1701.0,4152.7,1156.6,8950.0
2025-10-14,1474.4,250.21,1495.7,1459.0,5609.5,2781.9,5724.6,1765.4,4134.5,1165.8,8757.0
2025-10-15,1471.5,253.81,1515.0,1464.0,5622.5,2783.6,5841.5,1761.5,4196.8,1161.9,8796.5
2025-10-16,1441.1,240.9,1486.2,1447.6,5605.0,2693.7,5755.7,1734.9,4154.7,1144.8,8780.5
2025-10-19,1460.9,241.24,1495.4,1444.4,5596.5,2747.5,5844.7,1747.4,4199.7,1146.6,8585.5
2025-10-20,1472.4,241.36,1486.0,1448.7,5561.0,2740.7,5800.1,1741.5,4204.9,1152.4,8620.5
2025-10-22,1528.5,244.3,1523.9,1463.4,5617.0,2799.2,5835.9,1754.7,4203.7,1161.0,8532.0
2025-10-23,1525.4,242.98,1523.8,1453.7,5546.0,2818.9,5826.0,1760.0,4172.7,1178.7,8565.0
2025-10-26,1504.5,243.91,1533.5,1462.8,5640.0,2888.7,5878.1,1830.6,4194.4,1207.0,8695.5
2025-10-27,1500.2,242.38,1522.1,1447.4,5596.0,2830.9,5826.9,1809.8,4134.6,1190.3,8601.5
2025-10-28,1510.4,242.28,1557.3,1452.2,5674.0,2874.6,5891.1,1797.4,4106.3,1194.1,8659.5
2025-10-29,1493.8,241.92,1549.8,1433.8,5699.0,2893.7,5961.7,1807.7,4110.0,1171.5,8612.5
2025-10-30,1482.3,240.67,1541.5,1424.4,5684.5,2764.4,5916.6,1778.1,4118.8,1166.7,8515.0
2025-11-02,1485.5,240.5,1543.5,1419.8,5704.5,2784.2,5931.0,1794.8,4119.5,1164.0,8407.0
2025-11-03,1467.9,237.92,1529.1,1409.2,5620.0,2766.6,5858.5,1767.0,4090.3,1155.4,8325.0
2025-11-05,1466.7,240.05,1526.4,1413.6,5652.0,2773.9,5842.0,1763.9,4100.6,1159.2,8212.5
2025-11-06,1476.8,236.49,1512.4,1386.7,5567.5,2736.0,5781.0,1740.2,4089.2,1153.0,8076.5
2025-11-09,1513.5,239.84,1540.5,1397.8,5643.0,2776.2,5864.5,1757.6,4086.5,1192.9,8176.5
2025-11-10,1530.3,241.69,1570.0,1408.0,5710.5,2777.5,6031.0,1797.1,4103.6,1212.5,8242.0
2025-11-11,1551.7,245.22,1594.0,1456.1,5893.5,2825.8,6134.5,1827.7,4181.1,1244.3,8394.0
2025-11-12,1541.8,245.33,1598.5,1451.4,5847.0,2822.0,6137.0,1810.2,4156.8,1238.7,8303.5
2025-11-13,1502.8,244.37,1594.6,1439.2,5809.0,2772.1,6101.0,1799.6,4086.5,1222.2,8223.5
2025-11-16,1507.6,244.05,1606.4,1452.8,5848.5,2688.7,6116.5,1801.1,4105.4,1216.0,8286.5
2025-11-17,1486.4,240.9,1595.2,1422.0,5756.0,2658.5,6079.5,1784.3,4074.5,1195.1,8177.5
2025-11-18,1541.1,246.07,1662.6,1433.9,5972.0,2713.7,6316.0,1858.2,4440.0,1203.1,8333.0
2025-11-19,1536.5,246.26,1645.4,1456.0,6027.0,2740.4,6350.5,1846.1,4331.3,1196.6,8372.5
2025-11-20,1545.0,244.49,1608.0,1461.5,5926.0,2747.1,6296.5,1797.5,4265.4,1168.9,8169.5
2025-11-23,1548.0,247.27,1610.4,1494.7,5922.0,2765.3,6374.5,1808.2,4322.3,1198.2,8146.5
2025-11-24,1530.6,245.64,1601.1,1494.7,5833.0,2797.2,6370.5,1831.7,4262.8,1172.0,8084.0
2025-11-25,1557.9,250.19,1617.9,1520.4,5890.0,2800.2,6415.0,1871.1,4275.9,1194.9,8177.5
2025-11-26,1566.4,249.56,1629.0,1509.8,6025.5,2791.5,6432.0,1910.2,4385.2,1218.9,8150.5
2025-11-27,1560.1,249.53,1624.2,1517.3,6096.5,2811.4,6353.0,1908.7,4440.4,1222.4,8107.0
2025-11-30,1564.0,250.28,1642.9,1529.5,6152.5,2832.3,6406.0,1902.6,4444.7,1258.2,8149.5
2025-12-01,1561.0,250.17,1635.5,1536.7,6164.0,2838.1,6393.5,1913.9,4503.6,1253.5,8099.0
2025-12-02,1578.7,254.69,1640.5,1541.7,6159.0,2861.0,6331.0,1912.5,4513.1,1258.7,8075.5
2025-12-03,1597.6,256.93,1654.6,1562.3,6266.0,2908.4,6452.0,1966.2,4685.1,1269.8,8191.5
2025-12-04,1616.2,259.91,1683.0,1570.8,6292.0,2953.6,6520.5,1977.9,4546.4,1267.0,8219.0
2025-12-07,1610.8,261.38,1688.6,1591.8,6256.0,2896.8,6347.0,1951.3,4540.1,1220.5,8026.0
2025-12-08,1599.0,257.41,1657.6,1561.6,6245.5,2878.8,6302.0,1873.5,4548.9,1206.1,8062.0
2025-12-09,1584.8,257.98,1666.0,1550.8,6220.5,2857.5,6033.5,1820.2,4593.0,1198.7,7870.0
2025-12-10,1598.0,259.25,1672.4,1568.2,6294.5,2894.9,6204.0,1841.4,4666.3,1232.5,8005.0
2025-12-11,1598.2,260.6,1673.2,1578.4,6284.5,2912.7,6336.5,1851.0,4676.0,1237.9,7990.0
2025-12-14,1606.8,261.74,1684.0,1575.4,6269.5,2897.9,6297.5,1870.0,4610.5,1207.4,7967.5
2025-12-15,1592.9,259.22,1651.7,1578.2,6216.0,2863.1,6263.0,1866.8,4590.2,1176.3,7828.5
2025-12-16,1602.0,261.14,1655.0,1579.4,6252.5,2865.3,6282.5,1844.7,4481.9,1168.9,7712.5
2025-12-17,1626.8,263.85,1661.4,1605.6,6245.0,2887.9,6318.5,1854.8,4551.5,1160.8,7662.5
2025-12-18,1638.7,264.45,1642.4,1612.5,6197.5,2890.2,6358.0,1845.4,4515.2,1224.6,7823.5
2025-12-21,1689.6,272.67,1670.3,1646.7,6191.5,2887.0,6563.5,1868.7,4630.2,1229.3,7860.5
2025-12-22,1668.3,271.4,1679.9,1633.0,6202.5,2938.4,6489.0,1780.2,4696.2,1230.2,7817.0
2025-12-23,1663.4,268.06,1674.7,1631.5,6163.0,2891.9,6352.5,1737.7,4608.1,1217.3,7782.0
2025-12-25,1656.1,266.3,1660.9,1612.3,6035.5,2850.6,6300.5,1673.3,4518.3,1209.2,7777.0
2025-12-28,1644.7,264.24,1630.8,1612.4,6033.5,2812.3,6228.5,1683.3,4522.6,1188.2,7691.0
2025-12-29,1621.6,263.65,1615.2,1604.6,6074.0,2795.7,6183.0,1654.9,4438.5,1161.7,7626.5
2025-12-30,1615.4,263.28,1623.3,1590.9,6063.5,2791.2,6272.0,1663.0,4462.2,1172.5,7687.0
2025-12-31,1629.8,267.35,1634.5,1607.7,6112.0,2828.6,6282.5,1655.8,4380.0,1163.2,7687.5
2026-01-01,1640.4,269.0,1640.2,1612.0,6067.0,2807.2,6289.5,1650.3,4406.6,1167.6,7731.5
2026-01-04,1606.4,263.3,1607.6,1596.9,6059.0,2801.9,6204.0,1642.0,4416.1,1151.0,7677.0
2026-01-05,1612.2,265.6,1616.3,1601.8,5982.5,2816.0,6249.0,1657.1,4302.4,1139.9,7593.0
2026-01-06,1639.0,270.8,1647.7,1625.2,6102.0,2874.8,6513.5,1701.5,4392.6,1208.5,7832.5
2026-01-07,1613.3,262.2,1646.7,1577.9,6018.0,2817.2,6444.5,1647.0,4421.5,1180.3,7594.0
2026-01-08,1614.1,261.95,1661.4,1582.2,6037.0,2838.2,6417.0,1681.6,4355.4,1182.4,7597.5
2026-01-11,1595.9,263.1,1667.6,1586.1,6000.5,2832.2,6325.5,1697.1,4316.3,1172.6,7584.0
2026-01-12,1599.0,264.2,1665.0,1614.8,6100.5,2873.7,6357.5,1708.5,4317.7,1173.6,7696.0
2026-01-13,1599.8,260.2,1668.5,1588.5,6030.5,2788.8,6274.0,1681.6,4243.8,1179.4,7531.0
2026-01-15,1689.8,267.45,1698.0,1670.5,6308.0,2886.5,6403.0,1732.3,3917.1,1187.2,7959.5
2026-01-18,1681.2,245.95,1716.8,1718.3,6407.0,2889.8,6438.0,1728.0,3870.0,1163.1,7990.5
2026-01-19,1658.9,239.9,1687.3,1678.5,5976.5,2815.7,6342.5,1693.7,3825.9,1131.3,7825.0
2026-01-20,1654.4,239.55,1682.5,1686.7,5844.0,2798.9,6242.0,1669.2,3898.7,1114.9,7673.5
2026-01-21,1663.5,240.65,1703.1,1687.4,5947.0,2810.1,6320.5,1687.7,3881.4,1109.2,7897.0
2026-01-22,1670.8,238.4,1707.0,1701.1,5893.5,2752.8,6155.0,1636.4,3837.9,1114.5,7956.0
2026-01-26,1682.7,234.8,1720.2,1745.1,5940.5,2806.1,6216.0,1664.3,3797.6,1104.4,8006.0
2026-01-27,1666.5,237.35,1729.6,1762.9,6015.5,2833.7,6213.0,1694.2,3857.2,1105.8,8012.5
2026-01-28,1659.5,239.8,1721.6,1768.4,5995.0,2772.8,6070.0,1678.1,3755.9,1042.8,7837.5
2026-01-29,1641.0,236.9,1695.6,1743.1,5974.5,2759.0,6035.0,1653.8,3722.8,1041.9,7760.0
2026-01-31,1654.5,241.8,1666.2,1717.3,6070.5,2769.9,6068.0,1655.4,3768.4,991.1,7754.5
2026-02-01,1629.4,242.3,1676.8,1724.0,5986.0,2761.4,6082.5,1668.2,3693.2,998.5,7734.5
2026-02-02,1656.0,242.69,1695.3,1716.5,6044.0,2819.3,6278.5,1712.1,3807.6,989.8,7826.5
2026-02-03,1535.8,233.34,1621.8,1645.3,5706.5,2688.1,5986.0,1613.9,3812.3,981.4,7517.5
2026-02-04,1520.2,233.39,1610.0,1646.2,5683.5,2648.7,5980.5,1599.8,3809.0,959.5,7450.5
2026-02-05,1507.1,230.72,1593.7,1619.9,5561.5,2610.5,5852.0,1546.0,3855.8,958.4,7264.0
2026-02-08,1497.2,230.08,1602.0,1621.7,5626.5,2615.1,5875.0,1549.3,3901.0,964.0,7269.5
2026-02-09,1497.8,231.47,1573.1,1644.6,5662.0,2614.1,5872.5,1551.0,3903.1,973.6,7342.0
2026-02-10,1471.9,229.81,1551.6,1634.4,5515.5,2588.2,5724.0,1520.4,3838.0,959.4,7217.5
2026-02-11,1386.0,219.08,1476.1,1536.6,5211.5,2464.0,5452.0,1421.5,3704.1,891.5,6764.0
2026-02-12,1369.1,214.09,1455.2,1534.4,5115.5,2458.4,5479.0,1361.8,3509.3,861.7,6639.0
2026-02-15,1365.6,213.26,1461.8,1512.7,5118.5,2461.5,5582.0,1392.5,3518.4,880.3,6699.0
2026-02-16,1391.2,215.69,1482.6,1523.8,5164.5,2465.2,5628.0,1378.8,3511.5,879.3,6845.0
2026-02-17,1373.7,211.95,1467.2,1504.8,5054.0,2435.8,5521.0,1372.8,3495.0,861.6,6714.5
2026-02-18,1370.5,211.21,1450.4,1479.3,4959.5,2376.7,5266.0,1361.0,3446.5,847.5,6652.0
2026-02-19,1353.2,209.86,1436.5,1456.9,4889.5,2373.8,5092.0,1340.6,3396.6,835.4,6642.5
2026-02-22,1327.5,205.89,1426.2,1440.9,4831.5,2309.8,4977.5,1289.0,3439.4,812.7,6669.5
2026-02-23,1275.5,200.14,1339.2,1345.4,4501.0,2223.0,4662.0,1212.2,3148.6,760.5,6454.0
2026-02-24,1290.1,201.92,1378.2,1361.8,4559.0,2257.6,4731.0,1212.9,3276.0,788.7,6612.0
2026-02-25,1289.1,201.08,1373.5,1361.8,4504.0,2261.5,4781.5,1200.4,3317.4,793.7,6856.5
2026-02-26,1300.1,200.96,1389.1,1357.8,4462.0,2296.5,4733.0,1185.8,3512.4,771.1,6932.0
2026-03-01,1288.9,198.57,1371.0,1345.4,4404.4,2255.5,4673.4,1162.7,3443.2,754.25,6848.0
2026-03-03,1307.4,195.55,1364.0,1351.2,4349.3,2267.2,4709.1,1170.0,3317.2,736.15,6832.0
2026-03-04,1305.8,195.68,1354.1,1333.3,4306.4,2231.6,4641.7,1152.7,3297.5,717.5,6789.5
2026-03-05,1308.4,195.4,1356.7,1331.7,4292.0,2214.8,4777.5,1162.9,3187.4,698.55,6718.0
2026-03-08,1315.0,198.75,1358.6,1336.3,4317.2,2187.7,4783.1,1168.5,3113.8,688.9,6712.5
2026-03-09,1295.6,200.93,1361.5,1336.6,4323.1,2202.2,4827.9,1139.2,3150.8,693.25,6824.0
2026-03-10,1276.3,202.23,1350.3,1334.4,4262.7,2184.9,4747.7,1108.8,3097.4,682.75,6792.0
2026-03-11,1265.8,202.51,1358.1,1349.8,4323.6,2185.2,4714.4,1107.9,3129.5,671.25,6694.5
2026-03-12,1248.3,197.58,1325.4,1332.8,4206.5,2114.8,4638.8,1089.7,3430.1,660.15,6526.0
2026-03-15,1249.8,195.11,1328.6,1339.5,4207.1,2081.1,4638.8,1080.6,3324.9,631.95,6414.0
2026-03-16,1232.9,191.32,1321.1,1341.8,4189.2,2074.1,4529.4,1073.9,3332.7,653.7,6302.0
2026-03-17,1267.1,194.3,1357.2,1385.2,4298.8,2123.8,4698.6,1132.0,3367.0,688.25,6594.5
2026-03-18,1220.8,188.41,1311.8,1340.6,4198.5,2047.4,4602.8,1092.3,3313.5,658.9,6368.5
2026-03-19,1255.9,190.9,1333.7,1384.8,4298.8,2091.1,4716.7,1089.3,3229.1,660.95,6580.0
2026-03-22,1256.8,187.54,1358.6,1384.0,4105.6,2063.6,4724.5,1100.4,3075.6,659.3,6445.0
2026-03-23,1278.3,188.74,1373.3,1432.7,4211.5,2116.8,4913.7,1110.1,3153.5,665.0,6605.5
2026-03-24,1279.1,189.05,1381.3,1408.5,4292.9,2132.1,4928.8,1163.1,3200.4,673.6,6599.0
2026-03-26,1269.7,191.6,1364.4,1391.6,4200.7,2117.0,4899.8,1144.7,3198.4,660.05,6947.0
2026-03-29,1250.6,187.64,1341.6,1384.0,4013.8,2053.0,4877.2,1114.7,3121.7,634.75,6731.0
2026-03-31,1275.7,191.18,1354.4,1404.5,4107.0,2136.6,5049.1,1153.9,3324.0,674.3,6883.0
2026-04-01,1300.8,194.91,1402.2,1441.5,4303.9,2209.9,5227.7,1213.4,3347.5,696.8,6992.5
2026-04-05,1306.2,197.29,1403.3,1449.5,4307.4,2235.2,5309.4,1220.2,3346.5,694.85,7017.0
2026-04-06,1339.4,204.72,1441.6,1473.4,4442.5,2328.1,5386.2,1230.6,3342.1,707.85,7192.0
